Word,Count
*,5429
the,4917
//,2431
of,2251
,2114
:,1187
is,1181
----------------------------------------------------------------------------,1028
to,878
@param,867
/////////////////////////////////////////////////////////////////////////////////,793
Lin,759
a,740
=,656
and,586
in,581
for,571
if,515
this,499
@return,457
Mac,386
Module,384
Copyright(c),384
Date,384
Author,384
Engine,378
macgyvercct@yahoo.com.hk,375
Wing,375
Koon,375
\Macgyver,\,375
14/Jun/2016,375
Magnum,375
\2016,\,375
v1.0.0,375
be,360
function,347
The,345
Get,319
return,300
This,268
*<,253
by,248
class,241
not,237
Component,225
/,217
const,215
from,209
To,206
Set,192
it,185
data,184
Handle,180
Event,172
will,170
all,167
{,166
true,164
or,162
@brief,161
0,160
},157
are,156
set,155
an,154
that,153
\float,\,147
animation,147
as,142
with,142
+,142
@see,136
when,136
which,134
//////////////////////////////////////////////////////////////,134
type,134
at,128
Construct,127
its,125
on,124
method,124
RigidBody,124
false,120
Texture,117
\int,\,114
If,113
point,111
Constructor,111
name,111
read,110
void,106
rotation,104
owner,103
char,103
ParticleEmitter,101
child,100
Destruct,99
Animation,98
camera,97
Destructor,95
must,94
index,93
matrix,92
\,\,92
\value_,\,90
int,89
|,89
value,86
collision,85
get,85
stream,82
input,82
/<,81
returns,79
you,79
can,79
element,79
number,79
i-th,78
Path,77
system,77
position,77
else,76
direction,75
\Vector3,\,75
Vector3,74
vector,74
array,72
component,72
use,71
0;,70
\*,\,69
<=,68
returned,67
-,67
time,66
axis,66
where,65
space,65
A,64
app,63
should,63
virtual,62
any,62
construction,62
coordinate,62
length,62
pixelType,62
bone,61
uninitialized,61
called,61
shape,59
Collision,59
1,59
null,58
node,58
texture,58
rigidbody,58
call,57
implemented,57
bool,56
first,56
remove,56
current,56
specify,55
Model,54
buffer,54
compute,53
unsigned,52
Space,52
file,52
Update,52
have,51
\success,\,51
local,50
\true,\,50
result,50
error,50
do,50
audio,50
other,49
Check,49
Static,49
transform,49
access,48
\PVRTexConvert::getPixelType(PVRTexConvert::PO_LDR,\,48
has,48
Services,48
Skeletal,48
service,48
Rendering,47
but,47
attribute,47
side,46
no,46
static,46
Vector,46
more,46
speed,45
application,45
last,45
Height,45
resource,45
base,44
\PVRTexConvert::CO_NO_COMPRESS,\,44
defined,44
only,44
\@return,\,44
ray,44
used,44
end,44
back,43
i,43
let,43
);,43
object,43
scene,43
sub,42
into,42
\background,\,42
owns,42
bring,42
resources),42
cycle,42
software,42
Called,42
),41
\PVRTexConvert::AO_GRADIENT,\,40
new,40
frustum,40
given,40
Anim,40
\Zero,\,40
out,40
string,40
scale,40
encapsulate,40
points,39
plane,39
path,39
list,38
we,38
\owner_,\,38
then,38
handle,38
Camera,37
M,37
Component::Owner,36
game,36
text,36
2,36
\PVRTexConvert::CO_COLOR,\,36
<,36
Frame3's,36
\0,\,35
bits,35
Return,35
angle,35
mass,35
Transform,34
state,34
pointer,34
Will,34
may,34
mode,34
so,34
does,34
starting,34
document,33
elapse,33
copy,33
unique,33
Owner,33
field,33
add,33
requested,33
World,33
release,33
each,33
Stencil,32
Number,32
Rigidbody,32
about,32
needed,32
fail,32
up,32
|=,32
Audio,32
State,31
Buffer,31
operations,31
order,31
member,31
Entity,31
arithmetic,31
\0.0,\,31
Cube,30
t,30
Velocity,30
0);,30
DiffuseMapSpecularMapCube,30
It,30
Graphics,30
For,30
pass,30
default,30
user,30
GraphicsContext.notifyUpdate,29
Start,29
std::string,29
constructor,29
Not,29
here,29
callback,29
form,29
inputstream,29
c,29
Shader,29
itself,29
control,29
Position,29
around,29
calling,28
parameter,28
column,28
Instance,28
functions,28
\ResourcePath,\,28
XML,28
float,28
\data,\,28
terminate,28
int32,27
3,27
character,27
STL,27
b2Transform&,27
using,27
physics,27
Bone,27
Renderer,27
SkeletalAnimModelComponent,27
\up,\,26
weight,26
Radius,26
loop,26
WARNING,26
Attribute,26
In,26
same,26
e.g,26
test,26
there,26
Capsule,26
delta,26
values,26
Angular,26
near,26
vectors,25
z,25
children,25
inValidateGlobalInverse();,25
contact,25
Cast,25
DiffuseMapCube,25
update,25
Factor,25
tag,25
Shape,25
DecrWrap,24
\IncrWrap,\,24
world,24
transition,24
Debuger,24
failed,24
Pause,24
\Replace,\,24
\Decr,\,24
Local,24
Mode,24
support,24
P,24
World2,24
Linear,24
x,24
\Invert,\,24
R,24
\Incr,\,24
Compute,24
Keep,24
reference,24
Call,24
calculate,24
Matrix4,24
\Keep,\,24
Y,24
Resume,23
row,23
Axis,23
during,23
X,23
being,23
segment,23
@exception,23
method's,23
check,23
////////////////////////////////////////////////////////////////////////////////////,23
frame,23
y,23
Uniform,22
clean,22
version,22
behaviour,22
//////////////////////////////////////////////////////////////////////////////////////////////////////////////////////////////////////,22
!=,22
diagonal,22
pause,22
than,22
sleep,22
V1,22
was,22
find,22
closed,22
code,21
services,21
String,21
SkySphere,21
right,21
reload,21
memory,21
quaternion,21
density,21
pause(e.g,21
also,21
\Services,\,21
Terminate,21
one,21
whether,21
enter,21
-1,21
bones,21
Stop,21
resume(e.g,21
indicates,21
Returns,21
these,20
unit-length,20
property,20
0),20
const;,20
zero,20
/////////////////////////////////////////////////////////////////,20
elements,20
Damping,20
\point,\,20
event,20
variable,20
need,20
moment,20
\called,\,20
After,20
some,20
case,20
Clear,20
size,20
byte,20
inertia,20
they,20
level,20
Add,20
Initiate,20
==,20
macro,20
InputStream,19
\i,\,19
entities,19
num,19
Note,19
Device,19
line,19
linear,19
left,19
output,19
next,19
old,19
T,19
radius,19
We,19
resume,19
start,19
assignment,19
specifying,19
velocity,19
based,19
\function,\,19
normal,19
Fs,18
what,18
factor,18
childIndex),18
\Component,\,18
curve,18
without,18
false;,18
ResourcePath,18
AudioClip,18
Depth,18
represented,18
Physics3::CollisionFilter,18
Width,18
Function,18
translation,18
getter,18
destruction,18
\xf,\,18
surface,18
\position,\,18
Collider,18
radian,18
@endverbatim,18
@verbatim,18
classes,18
renderer,18
bit,17
Render,17
parent,17
corresponding,17
active,17
\T&,\,17
(new,17
invalid,17
methods,17
if(,17
stop,17
setter,17
CallBack,17
product,17
Source,17
Vertex,17
Level,17
global,17
thrown,17
write,17
blend,17
both,17
>,17
Plane,17
create,17
editor,17
\size,\,17
top,17
construct,17
source,17
center,16
\opened,\,16
\OneMinusSrcAlpha,\,16
endian,16
specific,16
YA,16
Serialization,16
spline,16
Texture0,16
Extent,16
sphere,16
\1,\,16
\DstAlpha,\,16
\SrcColor,\,16
\is,\,16
Name,16
collection,16
\OneMinusDstColor,\,16
SrcAlphaSaturate,16
Type,16
\OneMinusSrcColor,\,16
skelanim_,16
angular,16
Particle,16
\OneMinusDstAlpha,\,16
D,16
magnitude,16
OutputStream,16
PVRTexConvert::AO_NONE,16
\DstColor,\,16
calculated,16
found,16
\One,\,16
\SrcAlpha,\,16
////////////////////////////////////////////////////////////////,15
valid,15
TODO:,15
Gizmo,15
();,15
\stream,\,15
after,15
Bones,15
Array,15
EditorGizmo,15
for(int,15
ZA,15
define,15
just,15
(0,15
B,15
max,15
Resource,15
'this',15
V,15
lower,15
clear,15
original,15
\name_,\,15
skip,15
XA,15
volume,15
V2,15
Physics3::Material,14
allow,14
template,14
destruct,14
step,14
nodes,14
equal,14
true;,14
Count,14
calculation,14
\bool,\,14
through,14
Stack,14
want,14
make,14
Mipmap,14
updates,14
Find,14
Color,14
coefficients,14
specified,14
stored,14
Create,14
i=0;,14
comparison,14
Dynamic,14
\path_,\,14
\[0,1]\,14
All,14
bone;,14
CameraComponent,13
between,13
false:,13
public,13
///////////////////////////////////////////////////,13
(,13
empty,13
q,13
i++),13
build,13
Order,13
item,13
sort,13
nothing,13
information,13
intersection,13
before,13
1);,13
Vector4,13
filename,13
An,13
TiXmlString,13
screen,13
Z,13
0xffffffff,13
double,13
Sphere,13
project,13
interface,13
!<,13
rot,13
always,13
Filter,13
1.0,13
casting,13
BillBoard,13
height,13
try,13
\Greater,\,12
participate,12
caller,12
String&,12
\LEqual,\,12
Enable/Disable,12
\Equal,\,12
(num);,12
inside,12
partial,12
pure,12
ResourceImporter,12
\Always,\,12
ID,12
according,12
allowed,12
declared,12
encoding,12
\NotEequal,\,12
GEqual;,12
Error.ThrowNativeException,12
well,12
white,12
store,12
render,12
Apply,12
Convert,12
right){return,12
arrays,12
OpenGL,12
Blend,12
#include,12
friend,12
callable,12
Construction,12
(num,12
Texture1,12
Size,12
Contact,12
power,12
\Less,\,12
PVRTexConvert::CO_COMPRESS,12
closest,12
changed,12
contain,12
material,12
joint,12
sig,12
4,12
Graphics3Component,12
checks,12
\list,\,12
matrices,12
Material,12
play,12
\(this.handle,\,12
unit,12
instance,12
Frame3,12
entries,12
TinyXml,12
provided,12
\Never,\,12
\scale,\,12
while,12
basis,12
field's,12
long,12
import,12
selected,12
converted,12
detection,11
none,11
TextureBase,11
closing,11
That,11
until,11
structure,11
C,11
\density,\,11
removed,11
d,11
performance,11
exists,11
playing,11
\left,\,11
degree,11
\false,\,11
operator,11
System,11
\rotation,\,11
big,11
r,11
\Owner,\,11
Shape3,11
Visual,11
blender,11
arguments,11
testing,11
Video::Manager::RenderParam,11
doesn't,11
allocated,11
Test,11
\space,\,11
\name,\,11
orthogonal,11
\y,\,11
+=,11
\String,\,11
tree,11
orthonormal,11
filter,11
name_,11
Access,11
those,11
represents,11
ReverseSubtract,11
comparisons,11
P(Y),11
\output,\,10
&,10
Vector10,10
bind,10
draw,10
v,10
>=,10
required,10
fill,10
positive,10
Load,10
collect,10
Only,10
Cd,10
Sampling,10
U,10
ConvexShape3,10
fields,10
received,10
affectChildBone_,10
avoid,10
Object,10
deleting,10
Direction,10
super,10
ensure,10
weights,10
something,10
TypeMismatchError,10
convex,10
types,10
///////////////////////////////////////////////////////////,10
true:,10
(int,10
work,10
single,10
\dt,\,10
Projection,10
outside,10
\(mode,\,10
already,10
special,10
listener,10
CubeRenderer,10
\flag,\,10
knot,10
\@param,\,10
Q,10
Visit,10
Collided,10
two,10
handler,10
\localInertia,\,10
\glTexParameteri(eTarget,\,10
unimplemented,10
colour,10
Components,10
Infomation,10
\input,\,10
graphics,10
another,10
Gram-Schmidt,10
AudioStream,10
d1,10
entity,10
\mass,\,10
rotations[idx,10
kProd.m_afEntry[,10
Newton's,10
passed,10
Effect(Material),10
VisualEffect,10
become,10
\x,\,9
Do,9
Cs,9
reduction,9
RayCast(b2RayCastOutput*,9
bytes,9
\friction,\,9
Align,9
owned,9
GetChildCount(),9
cx*cy,9
float32,9
\massData,\,9
uses,9
columns,9
TestPoint(const,9
reset,9
/////////////////////////////////////////////////////////////////////////////////////,9
19/Aug/2011,9
internal,9
supported,9
coordinates,9
You,9
inline,9
Some,9
little,9
null),9
detail,9
\,9
head,9
knots,9
played,9
Enable,9
duration,9
translate,9
were,9
barycentric,9
swap,9
depth,9
defines,9
face,9
pixel,9
Entertainment,9
Element,9
force,9
either,9
derivatives,9
second,9
Bible,9
useful,9
iCol,9
definition,9
MIP,9
b2Vec2&,9
basic,9
cy*cz,9
EpicForceEngine,9
\RendererBase,\,9
root,9
\2011-,\,9
Redbook,9
*=,9
\aabb,\,9
\transform,\,9
arc,9
created,9
whose,9
CylinderShape3,9
uniform,9
scope,9
origin,9
remain,9
density),9
b2RayCastInput&,9
//////////////////////////////////////////////////////////////////////////////////,9
checked,9
Limited,9
HeightFieldShape3,9
d0,9
func;,9
capacity,9
'value',9
2D,9
acending,9
ComputeAABB(b2AABB*,9
show,9
change,9
p),9
world_point,9
Cone3,9
ComputeMass(b2MassData*,9
don't,9
EpicForce,9
variation,9
format,9
Coordinate,9
Cylinder,9
Options,9
Class,9
////////////////////////////////////////////////////////,8
reason(e.g,8
Alignment,8
--,8
Register,8
Per,8
+-,8
PVRTexConvert::CO_GRAYSCALE,8
Functor,8
\Axis,\,8
\reverseOrder,\,8
\buffer,\,8
sentinel,8
Warp,8
Point,8
impulse,8
cos(t),8
accepts,8
PerspectiveCameraComponent,8
primitives,8
non-zero,8
far,8
Group,8
following,8
attributes,8
Volume,8
\index,\,8
lb_,8
operator*,8
/////////////////////////////////////////////////,8
opened,8
i_,8
DOM,8
\Otherwise,\,8
periodic,8
animIdx_,8
been,8
Observer's,8
GXColorBuffer,8
iRow,8
info,8
continuous,8
due,8
/////////////////////////////////////////////////////////////////////////////////////////////,8
AudioSourceBase,8
loss,8
provide,8
Base,8
q1,8
identity,8
OGL_A_8,8
setPhysicsBody(Physics::Body,8
awake,8
since,8
treated,8
Force,8
Value,8
Far,8
\PVRTexConvert::getPixelType(PVRTexConvert::PO_HDR,\,8
Tell,8
energy,8
Enable/disable,8
Body,8
pitch,8
once,8
load,8
collisionFilter,8
By,8
Initial,8
would,8
-+,8
effect,8
comment,8
NULL,8
Normal,8
cast,8
rigid,8
differences,8
parameters,8
physicsbody_,8
TinyXML,8
now,8
thing,8
Steady,8
extra,8
q0,8
isn't,8
range,8
Physics3::RigidBody::Type,8
PVRTexConvert::CO_NONE,8
debug,8
fixtures,8
shapes,8
\nearPlane_,\,8
Rigid,8
Near,8
Vector2,8
Layer,8
ignores,8
Givens,8
setting,8
other_obj,8
\paused,\,8
weight_,8
Rewind,8
2);,8
such,8
rewind,8
this.handles,8
skipped,8
cx*cz,8
(in,8
examines,8
past,8
counterclockwise,8
bullet,8
Rotation,8
\Subtract,\,8
entry,8
kinetic,8
\Add,\,8
animIdx_-th,8
this.CheckUpdate,8
AudioComponent,8
triangle,8
\farPlane_,\,8
object's,8
sound),8
status,8
\skeletalAnimModelComponent,\,7
location,7
BoxShape3,7
BVHTriangleMeshShape3,7
idx,7
#define,7
go,7
row-major,7
>>,7
made,7
properties,7
\Static,\,7
wrote,7
DO,7
Font,7
block,7
declare,7
AudioListenerBase,7
increase,7
i.e,7
S,7
it's,7
AllHitsRayCastCB,7
circle,7
\Creator,\,7
Service,7
5,7
transformation,7
\method,\,7
ConeShape3,7
\tag,\,7
index),7
allocate,7
directly,7
search,7
\physicsbody_,\,7
View,7
certain,7
\vector,\,7
tetrahedron,7
e,7
\playing,\,7
APIs,7
including,7
parsing,7
along,7
\such,\,7
reflection,7
IOS,7
length_,7
operation,7
exported,7
SkeletalAnimModel,7
warranty,7
Always,7
versions,7
amount,7
TO,7
redistribute,7
offset,7
Microsoft,7
blocks,7
Copy,7
Texture2DFile,7
kProd[iRow],7
protected,7
Mesh,7
use],7
open,7
unknown,7
Cone3Collider,7
sure,7
Ref,7
\param,\,7
\radius,\,7
[internal,7
\classPath_,\,7
ones,7
Mass,7
map,7
TargetLayer,7
There,7
xml,7
TextureCubeFile,7
*physicsbody_),7
extended,7
added,7
thru,7
etc,7
SkeletalAnimModelRenderer,7
over,7
treat,7
TiXmlElement*,7
insert,7
throw,7
against,7
count,7
priority,7
least,7
\height,\,7
AllHitsConvexCastCB,7
CapsuleShape3,7
implied,7
'true',7
off,7
successful,7
searched,7
superclass,7
NOT,7
/////////////////////////////////////////////////////////////,7
N,7
d2,7
\r,\,7
polyhedron,7
Box3Collider,7
cone,7
fast,7
this_obj,7
dot,7
FILE,7
fully,6
(float)0.0;,6
responsibility,6
www.sourceforge.net/projects/tinyxml,6
radian),6
flags,6
BVHTriangleMeshCollider,6
Texture2DFile::ResourceImporter,6
eigenvalues,6
\applications,\,6
granted,6
otherwise,6
creators,6
BGM,6
dynamically,6
overlap,6
visiting,6
express,6
u1,6
correct,6
vector_,6
rkM);,6
see,6
Read,6
0-1,6
term,6
ICreator,6
generator,6
marked,6
maximum,6
initiate,6
appreciated,6
safe,6
integer,6
spaces,6
quantities,6
Altered,6
cosine;,6
keep,6
Sphere3Collider,6
EditorGizmoRenderer,6
DiffuseMapSpecularMapCubeRenderer,6
most,6
printed,6
authors,6
CapsuleBound,6
SphereBound,6
Entities,6
HeightFieldCollider,6
difference,6
\Matrix4,\,6
s1,6
ResourceAccess,6
different,6
\icon,\,6
1;,6
claim,6
declaration,6
controls,6
(Delta,6
\top_,\,6
brush,6
masking,6
acknowledgment,6
gizmo,6
ending,6
commercial,6
u,6
EditorGizmo::CoordSys,6
part,6
channel,6
own,6
SFX,6
Flags,6
Graphics2Component,6
orthonormalization,6
ray-cast,6
transpose,6
sum_m,6
never,6
\left_,\,6
VehicleCollider,6
writing,6
Column,6
Nearest,6
Ray-cast,6
%d,6
\animation,\,6
T>,6
Creators,6
M^T,6
their,6
point2,6
sibling,6
box,6
Creator,6
\element,\,6
powers,6
TiXmlHandle,6
SkySphereRenderer,6
Emitting,6
OrthographicCameraComponent,6
\'as-is',\,6
efficient,6
anyone,6
nonuniform,6
interpreted,6
\%d"\,\,6
One,6
done,6
like,6
RendererBase,6
quadratic,6
represent,6
CDATA,6
apply,6
bottom,6
Your,6
index],6
append,6
n-points,6
\*left,\,6
documentation,6
n,6
q2,6
pair,6
subinterval,6
BillBoardRenderer,6
hit,6
u0,6
major],6
random,6
rendering,6
FileOutputStream,6
damages,6
End,6
Velocity),6
way,6
\radius_,\,6
\cube,\,6
alter,6
subject,6
subdivision,6
Permission,6
Exception,6
within,6
subblock,6
IllegalAccessError,6
CollisionFilter,6
liable,6
plainly,6
VectorRead,6
distribution,6
small,6
Activation,6
480,6
misrepresented;,6
forces,6
misrepresented,6
body,6
\purpose,\,6
possible,6
abstract,6
altered,6
caused,6
A*B,6
Face,6
\right_,\,6
capsule,6
P[r][c],6
restrictions:,6
assert(,6
Primtives,6
Renderable,6
notice,6
helper,6
Position/Rotation,6
Magic,6
index_,6
Print,6
\bottom_,\,6
Walk,6
responsible,6
ParticleEmitterRenderer,6
tinyxml,6
\from,\,6
held,6
point1,6
arising,6
ClosestRayCastCB,6
kProd;,6
\640,\,6
Wild,6
whitespace,6
s0,6
mesh,6
RGB,6
initialized,6
directory,6
\freely,\,6
\format,\,6
creator,6
N),6
FileInputStream,6
replicated,6
Capsule3Collider,6
ClosestConvexCastCB,6
Clearing,6
\product,\,6
width,6
contacts,6
EditorCameraComponent,6
identifier,5
setVertices(int,5
UTF-8,5
steam,5
might,5
GXTextureWrapMode,5
////////////////////////////////////////////////////////////////////////////////////////////////////////////////,5
TiXmlPrinter,5
applied,5
perpendicular,5
match,5
Vehicle,5
Take,5
Blending,5
QueryIntAttribute(),5
<class,5
\matrix,\,5
sets,5
Texture2DFile::Resource,5
tab,5
pvr,5
invoke,5
Input,5
Query,5
respect,5
SkeletalAnimWeights,5
TextureCubeBase,5
related,5
renderable,5
/////////////////////////////////////////////////////////////////////////////////////////////////////////////,5
arbitrary,5
MemOutputStream,5
accuracy,5
callables,5
fraction,5
Vector<T>,5
currently,5
begin,5
inactive,5
compiler,5
resposible,5
pointers,5
@sa,5
Field,5
indices,5
First,5
penetrate,5
8,5
inverse,5
condition,5
When,5
\width,\,5
common,5
I,5
endTheta);,5
These,5
registering,5
childen's,5
natural,5
letter,5
lines,5
how,5
beginning,5
searchSuper,5
tridiagonal,5
\V,\,5
other_,5
Collision::Type,5
\'false',\,5
[,5
colours,5
\occurs,\,5
spread,5
(leaf),5
P2,5
Q(X),5
TextureCubeFile::Resource,5
ConcaveShape3,5
\dir,\,5
\parent,\,5
image,5
put,5
No,5
\glBindBuffer(GL_ARRAY_BUFFER,\,5
Convenience,5
compressed,5
down,5
per,5
So,5
floating,5
\z,\,5
adds,5
Now,5
SceneCollision,5
much,5
postUpdate,5
view,5
\length,\,5
this->mask,5
\(public,\,5
indexing,5
simple,5
optional,5
inheritance,5
Mrc,5
cylinder,5
reflected,5
very,5
Minification,5
Mp,5
n+1,5
extent,5
Algorithm,5
occured,5
id,5
\'true',\,5
At,5
\length_,\,5
query,5
-1;,5
property's,5
library,5
BVHTriangleMesh,5
requires,5
\Physics3::RayCastResult,\,5
\slices,\,5
mask,5
large,5
factory,5
iterate,5
flat,5
computing,5
representation,5
fix,5
Matrix,5
too,5
satisfies,5
\startTheta,\,5
getStreamSize(stream)==sizeof(T),5
\type_,\,5
Scale,5
Shape;,5
private),5
From,5
Shapes,5
getParent()->getGlobalTransform();,5
VectorWrite,5
\(x,y,z)\,5
ACCESS_ATTR,5
4;,5
/////////////////////////////////////////////////////////,5
if(getParent()),5
detect,5
Boolean,5
true);,5
\glBindBuffer(GL_ELEMENT_ARRAY_BUFFER,\,5
save,5
again,5
preUpdate,5
MAX_REAL,5
\color,\,5
Physics3,5
ContactInfo,5
\renderSolidConeCore(transform,\,5
\point_,\,5
\integer,\,5
Frame,5
What,5
symmetric,5
manage,5
((buffer,5
twice,5
Mv,5
(if,5
\T,\,5
/type,5
knowledge,4
D3D_ABGR_16161616F,4
Inverse,4
Parse,4
Enabled,4
Indicate,4
everything,4
Acceleration,4
wrap,4
Unknown,4
indexed,4
\Factory,\,4
StartColor,4
\short,\,4
wrong,4
Emission,4
target,4
\now,\,4
components,4
t1...tn,4
onPreUpdate,4
Duration,4
\Integrate1::RombergIntegral(8,fT0,fT1,GetSpeedWithData,\,4
layer,4
starttime_,4
(const,4
assumed,4
\not,\,4
connected,4
writeMask));,4
if(token,4
iCol++),4
transformed,4
Sleep,4
paused,4
Row,4
occur,4
struct,4
3;,4
if(typeid(Value)!=m_typeinfo),4
written,4
multiple,4
\"\Element"\\,4
Detection,4
characters,4
Screen,4
Lee,4
P1,4
tangent,4
iRow++),4
tolerance,4
\calculated,\,4
Rate,4
implementation,4
bodies,4
e0*A0,4
three,4
Postmultiply,4
\result_,\,4
///////////////////////////////////////////////////////////////////////////////////////,4
floatlocated,4
custom,4
SetAutoClearForces,4
printing,4
).FirstChild(,4
differential,4
undefined,4
bOpen,4
m0/|m0|,4
gravity,4
\default,\,4
'invoke',4
\exist,\,4
\fScalar,\,4
quote,4
IService,4
Debug,4
Sphere3Collision,4
CPU,4
Determine,4
Collision::Handler,4
Step,4
\null,\,4
usually,4
///////////////////////////////////////////////////////////////////////////////////////////,4
Awake,4
Moment,4
\normalInWorldSpace,\,4
clearing,4
OGL_RGBA_8888,4
sin(t),4
multipliers,4
ArrayRead,4
Operation,4
boneIndices_,4
\encoding,\,4
Box3,4
middle,4
But,4
LinearImpulse,4
Error,4
needs,4
Comment,4
Generate,4
PVRTC,4
OGL_PVRTC2,4
shared,4
-sin(t),4
modified,4
\tz,\,4
return;,4
previous,4
\CW,\,4
figure,4
description,4
edge,4
\&weight_,\,4
OS,4
getSize,4
OGL_RGBA_4444,4
receive,4
seem,4
potential,4
newlines,4
d+1,4
Magification,4
Isolated,4
P-V2,4
\example,\,4
\i_,\,4
defaultDeleteFileFunc(dstFilename_);,4
wise,4
v_,4
e1*A1,4
\"\Child"\\,4
\long,\,4
careful,4
encoded,4
group,4
higher,4
levels,4
occurred,4
invokes,4
Reference,4
GetText(),4
full-segment,4
r11,4
\TypeMismatchError("\result"\);\,4
frames,4
Eat,4
listener);,4
activation,4
@warning,4
RGBA,4
ETC_RGB_4BPP,4
sub-stepping,4
\factor_,\,4
Document,4
\distance,\,4
\happens,\,4
iterations,4
time-from-length,4
Adds,4
OGL_PVRTC4,4
EndColor,4
Second,4
recusively,4
User,4
extension,4
Active,4
\zero,\,4
damping,4
};,4
Ratio,4
Video::BaseFilter,4
actually,4
\spline,\,4
perform,4
\fCos,\,4
largest,4
Assets,4
Accept(),4
wheel,4
r00,4
boneIdx_-th,4
scales,4
\"\Integrate1.h"\\,4
translation),4
factorization,4
\worldPoint_,\,4
rotate,4
act,4
even,4
Delta,4
MemInputStream,4
works,4
delete,4
Entity*,4
motion,4
SkeletalAnimBase,4
\rkV,\,4
poly,4
\(i-d)/(n+1-d),\,4
assign,4
life,4
SkeletalAnimBase*,4
Creates,4
Vector4&,4
\"\index"\\,4
alpha,4
\child_,\,4
sign,4
copies,4
ordered,4
\(scale,\,4
\it,\,4
uniformly,4
(see,4
close,4
'const',4
accumulate,4
Ray,4
integration,4
Distance,4
remainder,4
|V|,4
PVRTexConvert::CO_COLOR,4
Is,4
model,4
detection(bullet),4
Infomations,4
child2,4
Original,4
str,4
bLoop,4
char*,4
short,4
(www.grinninglizard.com),4
serializing,4
Casting,4
\origin,\,4
@deprecated,4
viewport,4
\transform_,\,4
OGL_RGB_888,4
isolated,4
Navigate,4
\GL_FALSE,\,4
ColorRGBA,4
\"\Document"\\,4
onPostUpdate,4
\os,\,4
VisualEffectInfos,4
full,4
roots,4
32-bit,4
Attribute(),4
compilers,4
Matrix4&,4
problem,4
leading,4
really,4
\ty,\,4
generally,4
With,4
\&vertices,\,4
boxes,4
advance,4
u2,4
n+d+1,4
gourand,4
*name),4
\P+t*D,\,4
spherical,4
Global,4
textures,4
splines,4
See,4
Given,4
upward,4
Pointer,4
them,4
\axis,\,4
Directional,4
MultiSample,4
rigidbodies,4
ConvexCast,4
AntiAliasing,4
\bone,\,4
integral,4
OGL_RGBA_5551,4
\target,\,4
matches,4
negative,4
\char,\,4
],4
potentially,4
bf,4
Thomason,4
mat,4
File,4
(float,4
triangular,4
Pivot,4
back(),4
speed_,4
objective,4
*ME:,4
QL,4
rkIntr,4
singularity,4
enummerated,4
Audio::Manager,4
Other,4
exist,4
tracking,4
Meshes,4
adjust,4
core,4
\GXTextureWrapMode,\,4
TiXmlNode,4
Textures,4
op;,4
initied,4
invocation,4
IterateChildren,4
D3D_ABGR_32323232F,4
\order,\,4
eigenvector,4
P+e*D,4
t[i],4
CCW,4
\GL_FLOAT,\,4
report,4
\document,\,4
Look,4
\calculation,\,4
(m1-(q0*m1)q0)/|m1-(q0*m1)q0|,4
\GL_TEXTURE_MAG_FILTER,\,4
Cylinder3Collider,4
Editor,4
worldspace,4
implemnetation,4
\[0,1],\,4
algorithm,4
Directory,4
length-from-time,4
cl,4
\force_,\,4
Tag,4
OGL_RGB_565,4
\GL_TEXTURE_MIN_FILTER,\,4
lengths,4
OGL_I_8,4
heard,4
Aspect,4
variations,4
non,4
across,4
SELECTED,4
rather,4
\tx,\,4
\localPoint_,\,4
functional,4
buffer.handle);,4
Inertia,4
-+value,4
pole,4
various,4
params,4
Continuous,4
TiXmlText,4
serialization,4
subID,4
OGL_AI_88,4
orthogonalization,4
\active,\,4
ordering,4
Frames,4
Write,4
P-e*D,4
a0,4
\impulse_,\,4
sh);,3
ZAxis,3
P-V3,3
right-handed,3
k[0];,3
convenient,3
\first,\,3
/>,3
zPass));,3
implements,3
addresses,3
intesection,3
\readMask,\,3
lead,3
processor,3
Control,3
bank,3
\sy,\,3
Mask,3
easy,3
&info),3
onDestruct,3
End0,3
Specific,3
Custom,3
therefore,3
\volume,\,3
disable,3
argument,3
\g,\,3
*filter_);,3
[index],3
\this,\,3
\text,\,3
\][0].v/4096.0f,\,3
&&,3
bZero,3
although,3
cos(A/2),3
onStop,3
*name,3
\class,\,3
operator>>,3
column-major,3
this.state,3
XAngle,3
Delete,3
\b,\,3
cz*sx*sy+cx*sz,3
[row,3
\plane,\,3
\(type,\,3
docHandle.FirstChild(,3
Right,3
#xA,3
purpose,3
us,3
organized,3
METHOD_ARGS,3
automatically,3
bug,3
v^T,3
via,3
changing,3
RETURN_TYPE,3
OneMinusSrcAlpha,3
\studio,\,3
\uniqueID_,\,3
this^T,3
\mipmap,\,3
\coordinates,\,3
\Similarly,\,3
handled,3
-cy*sz,3
comments,3
described,3
decomposition,3
interval,3
example,3
\sx,\,3
\weight_,\,3
\[0,2*pi)\,3
GXPixelBuffer,3
*filter_),3
Formats,3
validateGlobalInverse();,3
validateGlobal();,3
Child,3
\constructor,\,3
M1*M0,3
\mesh,\,3
ETC,3
if(alpha==AO_NONE),3
\][1].v/4096.0f,\,3
english,3
\depthFormat,\,3
HeightField,3
'<',3
this.handle);,3
(to,3
scaling,3
Lesser,3
nice,3
\scene,\,3
\fSin,\,3
bad,3
len,3
tags,3
Matrix2,3
/destructor,3
Map,3
\that,\,3
sense,3
(M1*M0)*V,3
public:,3
Physics,3
GraphicsCaps,3
\made,\,3
channels,3
rfXAngle,3
onPause,3
\Vector3::ZERO,\,3
(and,3
Translation,3
info_.penetrationDepth,3
correctly,3
TIXML_ENCODING_UTF8,3
M*V,3
boneIdx_,3
W,3
\reference,\,3
floatly,3
MUST,3
Fast,3
mipmaps,3
GraphicsUpdate.BlendFunc;,3
\M1,\,3
n-d-1),3
take,3
They,3
iCol+N*iRow,3
info_.contactNormal,3
SrcAlpha,3
implement,3
finding,3
GraphicsUpdate.StencilOp;,3
tabsize,3
dstFactor));,3
Internal,3
\loop,\,3
clamps,3
cx*cz-sx*sy*sz,3
chain,3
panLevel,3
-sine;,3
//////////////////////////////////////////////////////////////////////////////////////////////////////////////////////////,3
\Q(x,y)\,3
c+N*r,3
Offset,3
decompress,3
containing,3
\"\M"\\,3
ef,3
unicode,3
\m_afEntry[I(iRow,iCol)]*rkV[iCol];\,3
w,3
chooses,3
k[1];,3
initializes,3
q_twist,3
YAxis,3
look,3
N*N),3
\EditorGizmo::Mode,\,3
\M0*M1,\,3
uncompressed,3
collided,3
rfZAngle,3
overflow,3
catagory,3
\problems,\,3
GL_NEAREST);,3
organization,3
enclosed,3
ToElement,3
rfYAngle,3
\info_,\,3
because,3
find;,3
manager,3
optimization,3
clamp,3
faces,3
\Q(x,y,z)\,3
GNU,3
float[N][N],3
missing,3
M1*(M0*V),3
PreUpdate,3
clip,3
parser,3
(m2-(q0*m2)q0-(q1*m2)q1)/|m2-(q0*m2)q0-(q1*m2)q1|,3
we're,3
End1,3
many,3
complete,3
array;,3
\"\GZFileIO.h"\\,3
r_,3
token,3
activeEntities[i]->start();,3
fSin,3
LEqual,3
larger,3
bonesName_.length(),3
systems,3
/////////////////////////////////////////////,3
platform/console,3
\w,\,3
returns:,3
\mode,\,3
subdiagonal,3
initial,3
effectively,3
\-atan2(r10,r11)\,3
non-voids,3
QR,3
wraps,3
Maps,3
dopplerLevel,3
\attributes,\,3
\A^T*B,\,3
1D,3
((unsigned,3
\"\"\;\,3
conditions,3
attitude,3
coefficient,3
behave,3
sequence,3
License,3
6,3
2.8,3
parentheses,3
Sensor,3
Properties,3
Zero,3
o,3
clears,3
filename_;,3
extract,3
GL_LINEAR);,3
won't,3
\*boneName_,\,3
every,3
leaf,3
bump,3
StencilOp,3
numbers,3
\p,\,3
\detected,\,3
cleared,3
retrieve,3
multiply,3
Any,3
q_swing,3
Texture2DBase,3
visual,3
setBlendWeights(SkeletalAnimBase,3
Selection3::Bound,3
invert,3
n-d,3
Reads,3
getting,3
smaller,3
ground,3
break;,3
\storage,\,3
Matrix3,3
takes,3
ways,3
1.0);,3
parse,3
starts,3
can't,3
M0,3
0.0,3
sized,3
afterward,3
solution,3
calls,3
surfaces,3
METHOD_NAME,3
cross,3
seed,3
Nodes,3
vertices,3
regardless,3
\atan2(r10,r11)\,3
GXTextureMinFilterMode,3
means,3
][3].v/4096.0f);,3
primitive,3
length(),3
cos(T),3
color,3
matching,3
your,3
times,3
\debug("\%s\,3
upper,3
((index,3
\height_,\,3
u^T*M*v,3
exp,3
p,3
Each,3
\zFail,\,3
chose,3
fgets,3
\center,\,3
relative,3
specifed,3
modify,3
locked,3
\Generally,\,3
Save,3
Sets,3
(not,3
\convexResult,\,3
Be,3
BlendFunc,3
\V1,\,3
info_.collided,3
routine,3
streaming,3
init,3
\Physics3::LocalConvexResult,\,3
terminator,3
Elements,3
General,3
PostUpdate,3
good,3
NOTE:,3
\indeterminate,\,3
adding,3
animation's,3
/////////////////////////////////////////////////////,3
\index_,\,3
Pass,3
eTextureFormat,3
Manager,3
maxDistance,3
\bonesName_[i],\,3
completely,3
/if(quality==2),3
\delete"\);\,3
interpolation,3
SphereShape3,3
assert:,3
TiXmlOutStream,3
activate,3
F,3
k[2];,3
notifies,3
float[N*N],3
onResume,3
heading,3
\pointer,\,3
-cx*cz*sy+sx*sz,3
generic,3
\(fail,\,3
minimum,3
\sw,\,3
degrees,3
ArrayWrite,3
//////////////////////////////,3
\satisfied,\,3
\A*B^T,\,3
[index];,3
///////////////////////////////////////////////////////,3
approximated,3
\XML,\,3
Which,3
nondecreasing,3
removes,3
formatted,3
FILE*,3
\axisDir_,\,3
GetKnot,3
concats,3
glEnableVertexAttribArray(2);,3
XAxis,3
context,3
glDisableVertexAttribArray(2);,3
\side,\,3
G,3
A[r][m]*B[c][m],3
-cy*sx,3
\][2].v/4096.0f,\,3
\A,\,3
\*skelanim_,\,3
often,3
generate,3
\offset,\,3
4-tuple,3
\colorFormat,\,3
info_.contactPoint,3
portability,3
starts:,3
Fall,3
under,3
mismatch,3
child_->inValidateGlobalInverse();,3
stand,3
r22,3
1.0f));,3
\double,\,3
\-1,\,3
flag,3
Cubemap,3
seeded,3
formatting,3
degree(P),3
\frame),\,3
sine;,3
\primitives,\,3
\pi,\,3
32,3
'>',3
fCos,3
////////////////////////////////////////////////////,3
GXTextureMagFilterMode,3
major,3
StencilFunc,3
handling,3
APIS,3
header,3
destructor,3
Extract,3
friction,3
child;,3
processing,3
expand,3
Box,3
precision,3
<<,3
A[m][r]*B[m][c],3
collider,3
\radians,\,3
ZAngle,3
cases,3
Public,3
validGlobalInverse,3
constraint,3
\boneIdx_,\,3
TextureState,3
\String("\/"\)\,3
TiXmlElement,3
matrix-times-vector,3
actual,3
\(0,0,0)\,3
).ToElement();,3
\srcFactor,\,3
sy,3
Provide,3
V*M,3
String(directory_),3
CW,3
minDistance,3
normals,3
loadded,3
2x2,3
GraphicsUpdate.StencilFunc;,3
\new"\);\,3
binary,3
\other_,\,3
cubemap,3
cz*sx+cx*sy*sz,3
accordingly,3
terms,3
Subtract,3
n),2
\occupied,\,2
template<class,2
accumulative,2
dopper,2
half,2
solve,2
joints,2
b0*V0,2
frame-rate,2
GraphicsUpdate.VertexBufferN);,2
AABB,2
frequency,2
PVRTexConvert::getConvertFormat(pixelType);,2
Video::Manager::getContext().setViewport(rsBlock.viewport);,2
type',2
f;,2
polynomial,2
-#,2
\sequence,\,2
\formatting,\,2
padding,2
\(1,1,1)\,2
+Z,2
GXPrimitive,2
behavior,2
count),2
chec,2
\(NAN,NAN)\,2
pan,2
consecutively,2
Channel,2
cx*sy,2
rotator,2
produces,2
u[i],2
rep_,2
hard,2
GraphicsUpdate.None),2
\-atan2(r21,r22);\,2
rapid,2
\capacity_,\,2
this.vertexBuffers,2
1-t1,2
guess,2
\byte,\,2
Very,2
constant,2
if(pixelType==OGL_A_8),2
Data,2
extension();,2
transparent,2
0>right.compare(left);},2
sequences,2
above,2
Transformations,2
quotes,2
Math.PI/2;,2
Triggered,2
wrapper,2
((mode,2
\numWeights_,\,2
neighbor,2
(as,2
better,2
\atan2(q1.x,q1.w);\,2
best,2
reflect,2
TIXML_WRONG_TYPE,2
((this.shaderProgram,2
\(-pi,pi]\,2
yes,2
i=0;i<size;i++),2
setBypassEffectsEnable(bypassEffectsEnabled);,2
Text,2
sample,2
TiXmlString::npos,2
\debug("\TouchpadMethod\,2
GXShaderUniformType,2
calculates,2
north,2
equations,2
\q,\,2
fYMin,2
validGlobalInverse;,2
//(((unsigned,2
grid,2
extreme,2
-sy,2
Value(),2
\angle_,\,2
lies,2
Interval,2
outputs,2
onUpdate,2
V1.z,2
\[0,2*pi),\,2
KINEMATIC,2
include,2
\GXTextureMagFilterMode,\,2
overlapping,2
EnableMode.Dither)),2
R^T,2
wasn't,2
ownership,2
(this.handle);,2
optimized,2
0xf0,2
que[i];,2
maximun,2
<!--,2
\cone,\,2
tree),2
leak-checking,2
contain:,2
PsmPixelBuffer.GetInfo,2
m_aafChoose[N][K],2
\1.0,\,2
bypassed,2
Faces,2
quality,2
lets,2
Store,2
*this,2
\Vector3(0,\,2
\side"\\,2
happens,2
As,2
modulation,2
contains,2
Matrix3&,2
useful),2
\<v0,v2,v1>\,2
(t-t0)*B,2
becaue,2
sin(A),2
cy*sx+cx*sy*sz,2
&colors_[0]);,2
instead,2
Comment:,2
RenderParam,2
min,2
stat,2
10,2
AngularImpulse,2
did,2
listner,2
|A|,2
rule,2
\v1,\,2
step),2
\degree(D),\,2
shares,2
if(flipImage),2
\integral(Dot(X,P1-P0)*(t-t0)/(t1-t0))\,2
repeaters,2
resources[i]->setOrphanState();,2
t-floor(t),2
\Vector2,\,2
quite,2
classification,2
while(,2
\4*sizeof(float),\,2
considered,2
(return,2
Document:,2
Just,2
B-spline,2
\dx,\,2
appear,2
Observer,2
(psPVRHeader->dwWidth,2
anyByte,2
\(0,0)\,2
\("\pretty\,2
PsmGraphicsContext.ReadPixels2,2
\queueTail,\,2
\ParticleEmitter::Alignment,\,2
interpolated,2
friend??,2
EnableMode.None),2
incorrectly,2
includes,2
Speed,2
Change,2
GL_REPEAT);,2
(both,2
&opt)!=-1);,2
ilInit();,2
however,2
ill-conditioned,2
\position_,\,2
PCM,2
Procedural,2
\V2,\,2
delimiters,2
\?,\,2
info;,2
force_:,2
ErrorDesc(),2
\1/2,\,2
cx*cz+sx*sy*sz,2
\static,\,2
Mayhem::Quaternion(rotations[idx,2
TiXmlUnknown,2
class;,2
exit,2
PVRTexConvert::getConvertPixelType(pixelType);,2
TextureCubeFile::ResourceImporter,2
Because,2
(container,2
drawing,2
setAngularFactor(),2
placed,2
Up,2
vertex,2
~(EnableMode.ScissorTest,2
bounding,2
inserted,2
fT1,2
Maximun,2
counterclockwise),2
storing,2
\cameraBasesSorted,\,2
curves,2
\&,\,2
fT0,2
m_closestHitFraction,2
Open,2
x-axis,2
\invalid,\,2
Handler,2
0<=right.compare(left);},2
gets,2
manipulated,2
threshold,2
\(width,\,2
\aspect_,\,2
\fCos,-fSin,\,2
\angularImpulse_,\,2
non-const,2
OGL_RGBA_8888;,2
a1*x,2
\"\."\\,2
\this.height,\,2
R(t),2
a4,2
condense,2
probably,2
saved,2
cy*sz,2
corresponds,2
PsmGraphicsContext.DrawArrays,2
\sphere,\,2
\time_,\,2
\this.type,\,2
Clockwise,2
counts,2
i<camera.filters.length();,2
var1,2
x*z/2,2
iteration,2
performs,2
keeps,2
cy*cz*sx+sy*sz,2
vehicle,2
fixed,2
\'SetControlPoint',\,2
\Internally,\,2
\count,\,2
\State,\,2
intended,2
extension_,2
Q(Y-T),2
Default,2
prefer,2
outputstream,2
\(0,1,0,0)\,2
Version,2
Element:,2
Mip,2
\this.format,\,2
\STATIC,\,2
reason,2
Q(Inverse(S)*Y),2
sx*sy+cx*cy*sz,2
GetControlPoint,2
trimesh,2
enumerated,2
b2Joint::GetNext,2
non-void,2
m_aafChoose[r][c],2
L(t),2
Overlap,2
encounter,2
reporting,2
s,2
computed,2
resourcePath_,2
m_iSegments+1,2
bound,2
operators,2
sanity,2
(m_afEntry[2],2
W.z,2
\skySphere_,\,2
linearly,2
///////////////////////////////////////////////////////////////////////////////////////////////////,2
C[0],2
extracts,2
Replace,2
(v1-(u0*v1)u0)/|v1-(u0*v1)u0|,2
Compare,2
/need,2
float&,2
<Child,2
BVector3,2
Go,2
Attribtue,2
\(1,0)\,2
name;,2
!right.compare(left);},2
Matrix2&,2
32-bits,2
creation,2
\angularPosition_,\,2
[8,2
\muted,\,2
Stand,2
points),2
null/empty,2
neighbourhood,2
Parent,2
(currently),2
\added,\,2
log,2
Its,2
(b2_defaultFilter),2
c),2
'int',2
cz*sx*sy-cx*sz,2
we've,2
\mat,\,2
\OutputStream,\,2
Since,2
automatic,2
resititution,2
Lee:,2
Filtering,2
(positive,2
opt,2
divided,2
AudioClip::ResourceImporter,2
\entity,\,2
b1,2
\variation,\,2
\weights,\,2
leaf),2
I[i],2
Master,2
Video::Manager::getContext().disable(GXEnableMode::ScissorTest);,2
vs,2
roll,2
\do,\,2
course,2
Used,2
\arithmetic,\,2
limited,2
eTextureInternalFormat,2
aspect,2
\(1,1)\,2
\to,\,2
EditorGizmo::Mode,2
this.state.Reset,2
on..,2
react,2
execute,2
lienar,2
0>=right.compare(left);},2
cy*cz-sx*sy*sz,2
expect,2
/////////////////////////////////////////////////////////////////////////////////////////////////,2
Scene,2
OGL_PVRTC4;,2
fTMin,2
-cx*sz,2
repackage,2
setLinearFactor(),2
CastInfo,2
\P(Y),\,2
Vector<SkeletalAnimModel::Bone>,2
\integral(Dot(L,L))\,2
replicate,2
convertPixelType),2
Shape(Type),2
\time,\,2
type),2
\convexFromWorld_,\,2
octtree,2
\(0,1,0)\,2
(psPVRHeader->dwHeight,2
position_,2
GXVertexFormat::BYTE4N;,2
&filter,2
3x3,2
trim,2
care,2
decide,2
assert(index,2
b2ContactListener,2
importer,2
\1.0f,\,2
oriented,2
Upload,2
ImageRect,2
updating,2
play(isLoopEnabled());,2
Sub-stepping,2
SetTimeInterval,2
var2,2
\follows,\,2
\GL_TEXTURE_WRAP_S,\,2
this.state.StencilFuncFront,2
LF,2
cz*sy,2
\integral(Dot(X,X))\,2
torque,2
\<v0,v3,v2>\,2
collisionFilter_:,2
cz*sx,2
yaw*pitch*roll,2
////////////////////////////////////////////////////////////////////,2
<?xml,2
\atan2(r02,r00)\,2
&printer,2
\Vector4,\,2
reported,2
'Knot',2
dynamic,2
Cameras,2
AudioListener,2
destroyed,2
\ilConvertImage(convertPixelFormat,\,2
2nd,2
newly,2
decimal),2
convertPixelFormat,2
(*this)[1][1],2
\ry,\,2
IVector3,2
\-atan2(r01,r02)\,2
unchanged,2
Use,2
edges,2
conservative,2
Try,2
subdivide,2
implicitly,2
aabb,2
nonzero,2
raycasting,2
pkP0,2
\collisionCB_,\,2
'boundary,2
<Document>,2
-cz*sy+cy*sx*sz,2
1),2
CullFace,2
pixels,2
alhabetical,2
filter.getEnabled(),2
Raw,2
standalone,2
1/2,2
exp(q),2
attribute:,2
GL_BGRA;,2
south,2
reading,2
-cy*sx+cx*sy*sz,2
b2,2
zmod,2
\"\\,2
\1-t0,\,2
\(0,0,0,1)\,2
combinatorial,2
filter.render(param);,2
could,2
\(*,*,0)\,2
numsurfs,2
evaluation,2
guarantee,2
Item,2
\magnitude,\,2
BVector4,2
style,2
J[i],2
).Child(,2
[4,2
3D,2
describe,2
(use,2
diff,2
this.caps,2
U*V^T,2
changes,2
P(t),2
_length;,2
Brack,2
truly,2
\Physics3::Material,\,2
management,2
ignored,2
rkV),2
controlled,2
Encoding,2
this.indexBuffers,2
\-atan(r02,r00)\,2
outgoing,2
b0,2
this.frameBuffer.handle;,2
\if(stat(path,\,2
TiXmlAttribute*,2
TiXmlDocument::SetTabSize(),2
//////////////////////////////////////////,2
\angularVel_,\,2
walk,2
\Row,\,2
var3,2
\camera,\,2
_active,2
\convexToWorld_,\,2
-cx*sy+cy*sx*sz,2
((texture,2
response,2
mover,2
\editorGizmo,\,2
onConstruct,2
simply,2
CR,2
circular,2
\[0,pi/2]\,2
velocity_,2
Contains,2
[col,2
\component,\,2
EnableMode.StencilTest,2
\scales,\,2
IVector4,2
unformatted,2
neg,2
\queueHead,\,2
H,2
Subdivision,2
GXVertexFormat,2
mat_,2
\FIONBIO,\,2
yet,2
respectively,2
physicsbody,2
PT,2
GetLength,2
Vector3::Normalize,2
getters/setters,2
named,2
Declaration,2
squares,2
material_:,2
\velocity_,\,2
emulation,2
Culling,2
this.SetClearColor,2
interested,2
counted,2
Software,2
port,2
(*this)[2][2],2
if(camera.getRenderTargetTexture()),2
P+t*D,2
conversion,2
normalize,2
data_,2
(the,2
destination,2
\atan2(-r01,r00)\,2
\worldVector_,\,2
\(1,1,1,1)\,2
(enableMode,2
Mayhem::Quaternion,2
SkeletalAnimModel::Mesh,2
TIXML_SUCCESS,2
SS,2
determinant,2
C[n+1],2
this.state.StencilOpFront;,2
\%x"\,\,2
|X-V|,2
first-order,2
Info,2
API,2
cz*sx*sy+cy*sz,2
\SkeletalAnimModel::Bone*,\,2
broad-phase,2
Writing,2
equation,2
indefinite,2
\operator,\,2
\Dot(A,X-V)\,2
InitializeLength,2
warm,2
happy,2
container,2
RS,2
\0),\,2
|w|,2
prevents,2
stepped,2
contained,2
he,2
P^2,2
skeletal,2
b2ContactManager&,2
cos(A)+sin(A)*(x*i+y*j+z*k),2
algorithm),2
\direction,\,2
Decay,2
&texcoords_[0]);,2
errors,2
\6.8e-05,\,2
[1],2
\node,\,2
strange,2
Increase,2
mutually,2
*>,2
Householder,2
\(0,0),\,2
break,2
\2*sizeof(float),\,2
intersect,2
arguments),2
iMid,2
trigonometric,2
\Integral(t0,t1,|X(t)-L(t)|^2)\,2
(name,2
seems,2
\(1,0,0)\,2
cx*cy+sx*sy*sz,2
if(!initied),2
t-value,2
\consecutively,\,2
domain,2
BaseFilter,2
\[m0|m1|m2],\,2
computes,2
\Physics3::RigidBody::Type,\,2
\fovy_,\,2
index);,2
\SkeletalAnimModel::Mesh*,\,2
\+1,\,2
ParticleEmitter::Alignment,2
triple,2
\GL_TEXTURE_WRAP_T,\,2
capcity,2
\rz,\,2
a;,2
SkeletalAnimModel::TextureInfo,2
GL_CLAMP_TO_EDGE);,2
TCB,2
\Choose(N,K),\,2
rows,2
\Quaternion::Align),\,2
\low-ascii,\,2
\work,\,2
non-STL,2
looks,2
filter);,2
\debug("\GamepadMethod\,2
\joint,\,2
\(0,0,1,0)\,2
\box,\,2
Index,2
cx*sz,2
if(!psPVRHeader->dwMipMapCount),2
|X(t)-L(t)|^2,2
*length,2
this.textures,2
Evaluate,2
</foo>,2
truncate,2
a2*y,2
this.option);,2
\[0,pi],\,2
tensor,2
\item,\,2
Objects,2
TiXmlDocument,2
printer;,2
LinearRollOff,2
ASCII,2
SkeletalObject3v2,2
Equation:,2
Calls,2
breaking,2
\(0,1)\,2
fXMax,2
driven,2
bones's,2
Have,2
internally,2
occurs,2
b2Profile&,2
-cz*sx,2
full(),2
patch,2
Seconds,2
SkeletalAnimModel*,2
xy-plane,2
ErrorRow(),2
know,2
Skip,2
atan2,2
necessary,2
\functions."\\,2
Quaternion,2
-sx,2
e0,2
limit,2
\u1,\,2
0.0);,2
alternative,2
////////////////////////////////////////////////////////////,2
Length^{-1}(s),2
////////////////////////////////////////////////////////////////////////////////////////////,2
convergence,2
\0.5f,\,2
higher.s,2
strict,2
cy*sx,2
\segment,\,2
ctrl[n+1],2
four,2
resets,2
(test,2
untwiddled,2
count;,2
metric,2
blue,2
log(q),2
\Flags,\,2
doc,2
\audio,\,2
<foo>This,2
\rayFromWorld_,\,2
Replicate,2
collide,2
New,2
EnableMode.PolygonOffsetFill,2
formats.push(),2
solver,2
axis-angle,2
\GXTextureMinFilterMode,\,2
Shouldn't,2
\value,\,2
representing,2
a3,2
+X,2
perpendicular),2
\material_,\,2
)<<32),2
trying,2
raw,2
\axis_,\,2
b1*V1,2
inequality,2
_length-2,2
I'm,2
UnknownMethodError,2
FIELD_TYPE,2
t*B,2
assets,2
cz*sx*sy-cy*sz,2
spec:,2
b2Contact::GetNext,2
Don't,2
\rayToWorld_,\,2
Instead,2
filter.prepare(param);,2
\vp_width,\,2
eigenvectors,2
#xD,2
run-time,2
geometric,2
viewed,2
nearly,2
\R*S*X+T,\,2
IL_FALSE,2
Adjust,2
utility,2
Constant,2
sz,2
radius_,2
groups,2
cw,2
ensuring,2
note,2
PolygonOffset,2
(at,2
non-null,2
followed,2
A*(x*i+y*j+z*k),2
var4,2
((t-t0)/(t1-t0))*(P1-P0),2
frame's,2
sliver,2
total,2
auto,2
fYMax,2
\t1,\,2
\1.4e-07,\,2
identify,2
Disable,2
forever,2
tmax,2
assumption,2
profile,2
Manually,2
\dy,\,2
\texture.handle,\,2
Video::Manager::getContext().setScissor(rsBlock.scissor);,2
validity,2
square,2
UnknownFieldError,2
managed,2
\visualEffect->getUniform(handle).setValue(Vector3(1.0f,\,2
\'GetControlPoint',\,2
maintain,2
towards,2
Bits,2
GraphicsUpdate.Viewport;,2
fitting,2
*camera.getFilter(i);,2
\object,\,2
Q(Inverse(S)*Transpose(R)*(Y-T)),2
9,2
size;,2
proxies,2
planes,2
texture.handle);,2
known),2
globalTransformInverse;,2
this.state.StencilOpBack,2
ignore,2
TYPE,2
userData_:,2
Attributes,2
\particleEmitter,\,2
//////////////////////////////////////////////////,2
bit),2
tinyXml,2
\4,\,2
\parameter,\,2
\atan2(-r20,r22)\,2
[0],2
onStart,2
'false',2
aware,2
*debugDrawer_);,2
(*this)[0][0],2
os,2
cased,2
Otherwise,2
convertPixelType,2
this.shaderProgram.handle);,2
V0,2
Null,2
(unit,2
\atan2(r20,r22)\,2
-cz*sy,2
y*z/2,2
\printing"\\,2
Stream,2
segments,2
overloaded,2
ClearForces,2
\[-1,1]\,2
handles,2
rectangle,2
\(1,0,0,0)\,2
\Physics3::CollisionFilter,\,2
this.state.StencilOpFront,2
h4,2
stuff,2
chunk,2
Force),2
set3DVolumeDecayMode(get3DVolumeDecayMode());,2
continue,2
\ColorRGBA,\,2
pkP1,2
\destructionCB_,\,2
muted,2
raycast,2
EnableMode.CullFace,2
..,2
filename;,2
\view,\,2
a1,2
h1,2
'=',2
BVector2,2
\assert(ioctl(fd->handle,\,2
\U,\,2
newline,2
\debug("\AcceleratorMethod\,2
Unknown:,2
except,2
cy*cz+sx*sy*sz,2
\glTexParameteri(GL_TEXTURE_2D,\,2
SkeletalAnimModel::VisualEffect,2
resize,2
\(-pi,0)\,2
TiXmlElements,2
\this.level,\,2
extensions.push(),2
mode),2
a5,2
non-Element,2
Destruction,2
this.frameBuffer,2
TIXML_USE_STL,2
\angularDamping_,\,2
+-----Can,2
Hexadecimal,2
huge...get,2
\integral(Dot(X,P0))\,2
\glVertexAttribPointer(1,\,2
approach,2
underflow,2
\2,\,2
2*pi,2
sin(A/2)*(ux*i+uy*j+uz*k),2
attri_bit,2
\[q0|q1|q2],\,2
Top,2
x*y/2,2
TiXmlVisitor,2
Torque(Rotational,2
helps,2
tabs,2
P0,2
checking,2
/synchronizes,2
Wheel,2
LastChild,2
\debug("\%d,\,2
fTMax,2
Turn,2
\torque_,\,2
kept,2
Switch,2
L(t)|^2,2
\case,\,2
rectangle;,2
filenames.push(),2
Vector<CameraComponent,2
IVector2,2
Cull,2
minimun,2
influence,2
cx*cy-sx*sy*sz,2
\approach,\,2
enum,2
j,2
\rx,\,2
\(0,0,0,0)\,2
info.this_obj,2
\"\Child"\,\,2
existing,2
\collisionFilter_,\,2
\V0,\,2
buffer;,2
simulation,2
lists,2
angles,2
\glVertexAttribPointer(2,\,2
evaluating,2
n/i,2
\Quaternion,\,2
Indices,2
PsmGraphicsContext.DrawArrays2,2
yaw,2
overhead,2
allocations,2
this.state.BlendFuncRgb,2
-cy*cz*sx+sy*sz,2
parsed,2
centerOfMassWorldTrans,2
0x80,2
Free,2
\DYNAMIC,\,2
Q^t,2
-cx*sy,2
sizes,2
(void*)&kData);,2
FIELD_NAME,2
sync,2
(each,2
|P-C|,2
Secondsof,2
\<v1,v2,v3>\,2
choose,2
EnableMode.Blend,2
doppler,2
hint,2
\u0,\,2
(called,2
mapping,2
trace,2
\InputStream,\,2
derivative,2
Dump,2
Q(Transpose(R)*Y),2
mechanism,2
DDS,2
fXMin,2
0<right.compare(left);},2
Variable,2
case),2
mip-map,2
Wheels,2
Length(t),2
\"\This\,2
\edge,\,2
above),2
Factory,2
\trans,\,2
CameraComponent::Clearing,2
sx*sy-cx*cy*sz,2
'mutable',2
shaderProgram.getUniformName(i);,2
\vp_y,\,2
\"\>"\\,2
functionality,2
magification,2
curvature,2
\LogorithmRollOff,\,2
looking,2
xmod,2
Nothing,2
L,2
syntax:,2
sub-steps,2
\GetLength),\,2
Header,2
retrieves,2
\Open,\,2
\curve,\,2
\(0,0,1)\,2
sx,2
info.other_obj,2
indexed:,2
cx*sy+cy*sx*sz,2
ClearFlag,2
\"\Using\,2
standard,2
\localVector_,\,2
third-order,2
XML:,2
LevelCount,2
\subdivision,\,2
path_,2
TS,2
\t0,\,2
cx*cz*sy+sx*sz,2
todo,2
+1,2
i_),2
this.state.StencilFuncBack,2
terminated,2
GCC,2
filter_;,2
\Listener,\,2
this.state.BlendFuncRgb;,2
cos(A/2)+sin(A/2)*(x*i+y*j+z*k),2
references,2
Context,2
definite,2
distance,2
DiffuseMapCubeRenderer,2
\Shape3*,\,2
faster,2
reverse,2
if(quality==1),2
Exists,2
b,2
GXBlendState,2
d[i],2
creates,2
Text:,2
Bounding,2
ArgumentException,2
\parallel,\,2
thw,2
transform_,2
article,2
enter(),2
Entry,2
right.compare(left)!=0;},2
7.5,2
\atan2(-r01,-r02)\,2
\source,\,2
dimension,2
private,2
|t|,2
attributeB,2
\atan2(r21,r22)\,2
front,2
this.state.StencilFuncFront;,2
descedent,2
v0/|v0|,2
variables,2
subclasses,2
\"\non-delimiter"\\,2
\attribute,\,2
t_,2
-cz*sx+cx*sy*sz,2
enableMode,2
scaler,2
turn,2
EnableMode.DepthTest,2
numPlanes;,2
incoming,2
ratio,2
v2.1,2
\(x,\,2
TIXML_NO_ATTRIBUTE,2
TiXmlNode::Accept(),2
non-void),2
speaker,2
Orthographic,2
(this.Screen);,2
\Vector10,\,2
(void*)this);,2
Viewport,2
K[i],2
tmin,2
particular,2
\print"\)\,2
decrease,2
\angle,\,2
0xe0,2
degree(D),2
//----------------------------------------------------------------------------,2
\this.width,\,2
Capacity,2
OGL_PVRTC2;,2
loaded,2
GraphicsUpdate.VertexBuffer0,2
place,2
handles[4,2
richer,2
|X(t),2
16,2
h));,2
formed,2
less,2
\cases,\,2
AudioClip::Resource,2
correspond,2
\&other,\,2
volumeDecayMode,2
NextSibling,2
Reset,2
cdata,2
this.Enable,2
||,2
\level,\,2
q*u*q^{-1},2
Collision::Handler::onCollision,2
suggested,2
second-order,2
lives,2
independent,2
touching,2
for(,2
makes,2
English,2
\contact,\,2
hidden/disabled,2
\<v0,v1,v3>\,2
tricky,2
-sz,2
appropriate,2
cz*sy+cy*sx*sz,2
boneName_,2
\billBoard,\,2
attributes),2
Decompose,2
\atan2(r01,r00)\,2
Length,2
\vertices,\,2
slightly,2
\linearDamping_,\,2
b2Contact,2
\character,\,2
satisfy,2
\1.9e-08,\,2
convert,2
a2,2
entry[0..3],2
P-V1,2
this.state.BlendFuncAlpha,2
if(renderTargetTexture),2
analogous,2
b2World2::DrawDebugData,2
referred,2
contents,2
car,2
obtained,2
kProd.m_afEntry[i],2
Factor=As,2
//////////////////////////////////,2
\useful,\,2
filter.restore(param);,2
provides,1
PI,1
4],1
Physics3::World::isLocked(),1
\Ok,\,1
exit(),1
std::range_error,1
[U,1
\halfExtent_,\,1
info.contactNormal,1
\set,\,1
grammar,1
Wrappers,1
Assert:,1
<foo>,1
@note,1
t*(V0-V3),1
Margaritis,1
\bvhTriangleMeshShape3.debugRender(getOwner().getGlobalTransform(),\,1
\"\PutString"\\,1
\Q0,\,1
t*(V1-V2),1
flipped,1
this->handle);,1
\(w,x,y,z)\,1
(Euclidean,1
(for,1
boneIndices_.length(),1
neccessary,1
SetTabSize(),1
strncpy(,1
\y^2-1,\,1
\"\normal"\\,1
_head=0;,1
positize,1
\Force,\,1
VisitEnter/VisitExit,1
Effect,1
twiddling,1
robust,1
PsmGXPixelBuffer.GetInfo,1
heights.resize((numGridX+1)*(numGridZ+1));,1
outputID,1
\debug("\if\,1
sooner,1
0x30,1
mat[2][2],1
contains:,1
QueryIntValue(),1
clear),1
String::operator>=(char,1
cos(A)+A*(x*i+y*j+z*k),1
this.shaderProgram,1
skelobj_->getBoneParentIdx(i);,1
Frame3::getParentGlobalZAxis(),1
a4*x*y,1
activated,1
deleted,1
ELEMENT,1
\file,\,1
Tranpose(R)*Y,1
String::operator<=(const,1
Parameters,1
\1.7e-04,\,1
*Component::Owner::getTag(),1
range;,1
\idx++,\,1
*Physics3::World::getContactList(),1
/**,1
m_afEntry[0*4+0]*rkM.m_afEntry[0*4+2],1
width;,1
protected:,1
\Animation"\\,1
terminating,1
\code,\,1
ToText(),1
TIXML_ENCODING_LEGACY,1
Calculus,1
glDisableVertexAttribArray(1);,1
\endings,\,1
Help,1
devices,1
(Colons,1
Did,1
trims,1
info_.outputNormal=,1
Sphere3Collision::setRadius,1
read-only,1
parent->FirstChild();,1
V1.x,1
Math::Sin(fYAngle);,1
5.5,1
\"\%s"\,\,1
edition,1
\(V1+V2)/Length(V1+V2),\,1
pool[i].available=true;,1
operator<<,1
+-----Is,1
\(this->handle,\,1
Could,1
V1.y,1
*getUniformBinding(int,1
indent,1
later,1
this.state.DepthRange,1
dump();,1
embedded,1
(6,1
m_afEntry[3*4+2]*rkM.m_afEntry[2*4+0],1
recursive,1
buffer[position+i],1
GL_IMG_texture_format_BGRA8888,1
\x^2-1,\,1
\entry[0..15]={m00,m01,m02,m03,m10,m11,m12,m13,m20,m21,m22,\,1
t[0];,1
7],1
SuperClassError,1
0x40,1
enabled,1
TiXmlString().swap(*this);,1
\'\n',\,1
(either,1
Num,1
Max,1
1],1
\Foundation,\,1
\macro,\,1
start){return,1
\convertPixelType,\,1
\(Yes,\,1
\individually,\,1
ony,1
globalTransformInverse,1
\underscores,\,1
R-R^t,1
\velocity(0.0,\,1
AMD,1
\this->height,\,1
bizarre,1
PROPERTY(int,1
(float)asin(m_afEntry[2]);,1
mark,1
next->name.empty(),1
\happy,\,1
\btCapsuleShape,\,1
\alone,\,1
\comments,\,1
interaction,1
\allocator,\,1
Blue,1
_length(0),1
\visualEffect->getUniform(handle).setValue(Vector3(-0.5f,\,1
MethodDesc,1
\(factor,\,1
VisualEffect(Material),1
\volume_,\,1
\restitution,\,1
\SetTabSize,\,1
this.shaderProgram;,1
setDebugDrawer(Physics3::DebugDrawer,1
Shaders,1
\detection,\,1
mode.),1
z*k,1
Detecion,1
\-V2,\,1
Recycle,1
spanned,1
multiSampleMode);,1
\[0,1)\,1
Copyright,1
if(i==value.length(),1
Listener,1
\Math::ATan2(-m_afEntry[6],m_afEntry[10]);\,1
neighbours,1
buf;,1
this.state.ClearStencil;,1
3.4,1
Remove,1
width/height/depth,1
Code,1
message,1
\pattern"\\,1
2x4,1
(int)((byte)stencil);,1
versus,1
Element),1
this.state.PolygonOffset,1
10%,1
\remove,\,1
math,1
presume,1
hack,1
GXCullMode,1
(meters/feet,1
\r01/r00,\,1
*renderTargetTexture_),1
Define,1
5.6,1
\data_,\,1
vertical,1
///////////////////////////////////////////////////////////////////////////////////,1
if(bIsBGRA8888Supported),1
if(chrome==CO_NONE),1
slight,1
(char),1
Int-Cast,1
\bytes"\)\,1
didn't!),1
Re-Export,1
\decomposition,\,1
orderd,1
\Print(),\,1
setTag(const,1
(h2-h1),1
(*this)[1][2],1
Convex,1
\priority_,\,1
Give,1
inversion,1
1.8,1
_sn*,1
this.SetBlendFuncRgb,1
symbolic,1
that:,1
Laveaux,1
a5*y*y,1
TiXmlNode::ToText(),1
(by,1
vp_height);,1
\pitch_,\,1
x*i,1
rkM),1
\CStr(),\,1
GZ_RESOURCE,1
managing,1
intermediate,1
\this->format,\,1
\CameraComponent,\,1
initialing,1
flexible,1
.NET,1
present,1
_layer,1
mat[0][1],1
Vector3::UNIT_Y;,1
Commodore,1
eigendecomposition,1
1/sqrt,1
(typical),1
explicit,1
name->clear();,1
bOwner,1
initiate();,1
pause();,1
Loading,1
Factor=1-Cd,1
if(coordSys==EditorGizmo::VIEW),1
leak,1
supposed,1
henceforth,1
\[0,2^L-1]\,1
boneidx_-th,1
COMPOSITE,1
assert(_length<que.length());,1
\concise,\,1
relied,1
divisor,1
\STL,\,1
How,1
this.state.PolygonOffset;,1
other.),1
\Kinematic,\,1
this.screen;,1
\(GNU/Linux,\,1
tinyxmlDoc.Accept(,1
multiplication,1
\option,\,1
initSkeleton,1
Type(Shape),1
\debug("\%s"\,\,1
searches,1
return:,1
axle,1
4bpp,1
Size(),1
que;,1
foo,1
\Boston,\,1
+z,1
'from',1
\fileName,\,1
prepend,1
Low,1
this.state.Viewport;,1
axis[],1
callbacks,1
leave,1
Dithering,1
\normal,\,1
m_afEntry[0*4+3]*rkM.m_afEntry[3*4+0];,1
here:,1
Frame3::getParentGlobalXAxis(),1
penetrationDepth_,1
crackle,1
voids,1
Assuming,1
&Frame3::getParentGlobalTransform(),1
unused,1
compatible,1
places,1
\'1',\,1
orient,1
SetContactListener(b2ContactListener*,1
Q*D*U,1
Component::Owner::deactivate(),1
(this,1
StringEqual(,1
Template,1
visualEffect->beginPass(i);,1
modification,1
(Microsoft,1
mat[3][1],1
clear(),1
\xidx,\,1
complex,1
picky,1
Changes,1
\Cross(P1-P0,P2-P0)/Length(Cross(P1-P0,P2-P0)),\,1
particles,1
\junk,\,1
r20,1
m_afEntry[3*4+1]*rkM.m_afEntry[1*4+0],1
finds,1
SIGGRAPH,1
Circle,1
\(float)g,\,1
happened,1
PsmGXPixelBuffer.Create,1
mat[3][2],1
\Perp(u,v)\,1
ambiguous,1
correction,1
this.SetDepthFunc,1
validate();,1
\constant,\,1
this.state.StencilOpBack;,1
address,1
PROPERTY,1
Pseudo-class,1
beginning:,1
btConeShape,1
Symbian,1
non-self-intersecting,1
mute,1
pre-allocate,1
\m32,m03,m13,m23,m33}\,1
+Y,1
\full,\,1
2*k*q^{-1},1
ASin,1
child->NextSiblingElement(,1
(-off),1
BVH_TRIANGLE_MESH,1
Physics3::World::setDebugDrawer(Physics3::DebugDrawer,1
\cos(A/2),\,1
events,1
alse,1
(\n),1
layer_);,1
Component::Owner::setTag(const,1
q0(,1
(this.shaderProgram,1
leaving,1
param,1
ClearDepth,1
collided_,1
removeFilter(Video::BaseFilter,1
///////////////////////////////////////////,1
\diag(r00,r11,r22)\,1
release(int,1
PrintToMemory(),1
Prints,1
\"\pretty\,1
Magnification,1
GraphicsUpdate.DepthRange;,1
delimeted,1
//MRP*,1
depends,1
\v2,\,1
quaternions,1
i<uniformLocations.length();,1
our,1
\offsetX,\,1
future,1
duplicate,1
record,1
\<w,x,y,z>,\,1
q0*m2,1
peek,1
success,1
inActiveEntities[i]->destruct();,1
SUPPORTED,1
deleted),1
\convention,\,1
sin(A)*(x*i+y*j+z*k),1
renderTargetTexture->beginRender();,1
0x60,1
layer_),1
\value.extract(last,\,1
document.FirstChildElement(,1
\hyphens,\,1
extension;,1
is:,1
epsilon,1
*CameraComponent::getRenderTargetTexture(),1
recognized,1
\"\CDATA"\\,1
enumeration,1
Buffer!=Stencil,1
SIMULATE_ASYNC,1
Never,1
substring,1
EnableMode,1
circle;,1
attributeA,1
destructed,1
t(V0-V2),1
etc.),1
GL_NEAREST_MIPMAP_NEAREST);,1
\AABB3,\,1
&document,1
mat[1][3],1
instantiated,1
windows:,1
Attribute::Query,1
opaque,1
\q_swing,\,1
\TINYXML_ELEMENT,\,1
\servce,\,1
use:,1
Vector4(,1
\],\,1
Below,1
\entry[0..15]={m00,m10,m20,m30,m01,m11,m21,m31,m02,m12,m22,\,1
elimination,1
'yes',1
invcos0,1
hierchical,1
child->NextSibling(),1
space-time,1
recognize,1
pust,1
\fPAngle,float\,1
node),1
approaches:,1
superclass:,1
C+(H/2)*D,1
\strange,\,1
mat[2][0],1
GXPixelBufferType,1
accessed,1
pool[index].t;,1
skipping,1
directories,1
\FreeBSD,\,1
Declaration(,1
flavors,1
process(locked),1
_length--;,1
2x,1
traps,1
technique,1
#endif,1
m_afEntry[2*4+1]*rkM.m_afEntry[1*4+0],1
Including,1
\Q,\,1
USA,1
(That,1
\D,\,1
hell,1
mat[3][0],1
m_afEntry[2*4+1]*rkM.m_afEntry[1*4+1],1
GraphicsUpdate.Scissor;,1
---,1
Collision::Handler::onCollision();,1
KeyFram,1
psPVRHeaders,1
0xc1,1
renderMesh,1
OF,1
invtan1,1
Buffer>Stencil,1
fgets(,1
GL_BGRA,1
(C),1
\arc,\,1
Math::Cos(fPAngle);,1
real,1
m_afEntry[3*4+2]*rkM.m_afEntry[2*4+2],1
a8,1
case:,1
class:,1
\rkV[0]*rkM[0][0]+rkV[1]*rkM[1][0]+rkV[2]*rkM[2][0]+rkV[3]*rkM[3][0],\,1
looping,1
invtan0,1
\simulate,\,1
(especially,1
Logorithmatically,1
Test5Value);,1
z*z,1
\"\\t"\\,1
activate();,1
tha,1
\330,\,1
\"\tag"\\,1
-------------------------------------------------------------,1
start=0);,1
failure:,1
[from],1
any.),1
InputStream::read(fix,1
twiddle,1
if(idx<0),1
xmlcstr,1
root->FirstChildElement(,1
i<size;,1
tiled,1
(h3-h4),1
find(const,1
Concave,1
red,1
evaluate,1
#ifndef,1
destructors,1
cover,1
MBX,1
adjusts,1
\declaration,\,1
fragment,1
\patch,\,1
distributed,1
ideas,1
(v2-(u0*v2)u0-(u1*v2)u1)/|v2-(u0*v2)u0-(u1*v2)u1|,1
errorLocation.last,1
Failed,1
u02,1
\(y,-x)/sqrt(x*x+y*y)\,1
arrya,1
\frame,\,1
assume,1
\{(0,0),(1,0),(0,1),(2,0),(1,1),(0,2)}\,1
\[-1,1)\,1
CameraComponent::removeFilter(BaseFilter,1
contruct(),1
this.state.LineWidth;,1
hardcodes,1
0xf4,1
\query,\,1
2.1,1
storage,1
\"\attributeB"\\,1
Alias,1
\coordsys_,\,1
_name,1
previous(),1
besides,1
constrained,1
Unix,1
\[q0|q1],\,1
\'<',\,1
\bTwiddled,\,1
density;,1
(*name),1
opposed,1
x*V.y,1
if(test[pos]=='.'),1
Temple,1
Vector's,1
details,1
pool[index].available=true;,1
sources,1
PROPERTY(ColorRGBA,1
\sub-strings,\,1
j<filenames.length();,1
localInertia,1
\v0,\,1
names,1
constructors,1
\debug("\PVRTTextureLoadFromPointer\,1
END_AUTODOC,1
/Bullet,1
Dsrc<Ddst,1
\capsule,\,1
(line,1
\&value,\,1
\.,1
\fYAngle,\,1
[Definition:,1
-z,1
<Element,1
q^{-1},1
5554,1
occurence,1
Math::Sin(fPAngle);,1
\siblings,\,1
Noam,1
0-width,1
q1.x*q1.y,1
\standalone="\yes"\?>\,1
\<w,-x,-y,-z>,\,1
cos0,1
ends,1
contactPoint_,1
modulated,1
#bytes,1
\Renderable,\,1
*this;},1
this.SetStencilOpFront,1
/private,1
outer,1
\"\stream\,1
sin(A/2),1
+----btCompoundShape,1
Switching,1
(*this)[0][2],1
MUCH,1
responds,1
available;,1
early,1
\this->level,\,1
\<0,x0,y0,z0>\,1
is.),1
rkV[0]*rkM[0][3]+rkV[1]*rkM[1][3]+rkV[2]*rkM[2][3]+rkV[3]*rkM[3][3]);,1
sin(T),1
</foo,1
green,1
+----btGimpactTriangleMeshShape,1
0xc2,1
rayResult.m_hitFraction);,1
get()/void,1
\if(name=="\boneMatrices"\)\,1
\namespaces,\,1
testWithSphere3,1
(*numRotKeys)-1;,1
Operators,1
refer,1
\[0,pi/4]\,1
\addition,\,1
GXTextureWrapState,1
compare,1
i=_head++;,1
\"\/>"\\,1
if(index<0),1
4.5,1
planes[i].Normal[2],1
0x0A)..,1
B-C,1
words:,1
count++;,1
Buffer<=Stencil,1
(2.0,1
non-alpha/numeric/symbol,1
m_afEntry[0*4+0]*rkM.m_afEntry[0*4+0],1
<b>no,1
CAST_VECTOR3(inertia);,1
layer_;,1
+----btConvexHullShape,1
heights[i];,1
\DotPerp((x,y),(V.x,V.y))\,1
sqz,1
comment:,1
q.ToRotationMatrix(mat);,1
Visit(),1
third,1
this.SetCullFace,1
if(eTextureType==GL_FLOAT,1
RT-11,1
onDeleteFile(dstFilename_);,1
GetProfile(),1
doing,1
(*this)[2][0],1
adjusted,1
Vectors,1
C++,1
(h3-h1);,1
\at,\,1
V-Only,1
*skelobj_),1
Extraction,1
reduces,1
\filename.extract(0,\,1
\used,\,1
visualEffect->isTextureSemanticExists(VisualEffect::Semantic(RENDERDEPTHSTENCILTARGET)),1
\Instead,\,1
\sizeof(buf),\,1
\terminated!\n\n"\);\,1
fetch,1
Math::HALF_PI;,1
invsin0,1
Constants,1
\TiXmlDocument::LoadFile(),\,1
'Acceleration',1
*GXShaderProgram::getUniformBinding(int,1
Float,1
Passing,1
this.shaderProgram.UpdateShader,1
inputDistance,1
\projectTransform,\,1
moving,1
Input:,1
\bCubeMap,\,1
\"\right"\\,1
GLCompressedTexImage2D,1
4bit,1
MirroredRepeat,1
CR:,1
describing,1
Newly,1
64,1
Temp,1
(TiXmlString,1
reached,1
\&src){copy(src.text,src.text.length());return\,1
IntValue(),1
GXStencilTestState,1
LF:,1
linked,1
GXShaderProgram::setUniformBinding(int,1
t;,1
ClassPath,1
declares,1
Copies,1
stops,1
extracting,1
\Shape3::Type,\,1
\B,\,1
Mm,1
\Dot(N,Q)-c\,1
&buf[totalDataSize]);,1
m_afEntry[1*4+2]*rkM.m_afEntry[2*4+0],1
1/(4w),1
ahead,1
\end,\,1
wb,1
uniformNames.length(),1
3)];,1
i<heights.length();,1
(sensitive),1
(R-I)/2,1
zidx);,1
getParentGlobalZAxis();,1
BEGIN_AUTODOC,1
book,1
CDDSImage,1
max));,1
R0*(Transpose(R0)*R1)^t,1
\{A,X}BGR\,1
amongst,1
screenSizes;,1
Factor=1-Ad,1
Factor=Cd,1
\returs,\,1
elapsed,1
Physics3::RigidBody::DYNAMIC;,1
inefficient,1
Parameter,1
\d1,\,1
Vector2&,1
Math::Cos(fYAngle);,1
method.),1
\BGR{A,X}\,1
hull,1
entire,1
pull,1
opposite,1
(insertion),1
Utility,1
re-init,1
USE_GLES20,1
SLERP,1
(*rotKeyInterval),1
excess,1
SkeletalAnimBlender::initSkeleton(const,1
this.SetViewport,1
sky,1
\"\lead\,1
UNLESS,1
2d,1
putstring,1
Bitmap,1
retunr,1
GXIndexBuffer,1
QueryFloatAttribute,1
\(*,0,0)\,1
\Position/Rotation,\,1
Fix,1
printer.SetIndent(,1
isalpha(,1
m_afEntry[2*4+2]*rkM.m_afEntry[2*4+2],1
namespaces,1
Export,1
StaticMethodDesc,1
kZMat(,1
\u32MipMapCount,\,1
slider,1
\<V0,V2>\,1
\muteEnable,\,1
m_afEntry[0*4+3]*rkM.m_afEntry[3*4+2];,1
planes[i].Normal[0],1
example),1
\tags,\,1
(float&,1
text</foo>,1
(modified,1
tan0,1
16bit,1
this.state.DepthRange;,1
Done,1
II,1
Physics3::World::dump();,1
kProd.m_afEntry[10],1
m_afEntry[2*4+0]*rkM.m_afEntry[0*4+1],1
Handling,1
Y'UV,1
NullClass;,1
4.0,1
*p;,1
m_afEntry[0*4+2]*rkM.m_afEntry[2*4+1],1
fool-proof,1
CPVRTexture,1
\rotations[idx+1][0].v/4096.0f,\,1
shift,1
indentation,1
visited,1
i<numPlanes;,1
rotated,1
*GetContactList(),1
(double-hyphen),1
network,1
together,1
\stdout,\,1
ImageSize[],1
\"\visiting"\\,1
String::toDWord(),1
m_afEntry[3*4+1]*rkM.m_afEntry[1*4+1],1
que(size),1
\globalposition_,\,1
trailing,1
\currentBoneIdx,\,1
Suite,1
\(y,-x)\,1
8.2.3,1
0.5f));,1
\rkV[0]*rkM[0][1]+rkV[1]*rkM[1][1]+rkV[2]*rkM[2][1]+rkV[3]*rkM[3][1],\,1
illegal,1
A.mask;,1
fine,1
developped,1
sound,1
re-parse,1
if(pool[i].available),1
http://c2.com/cgi/wiki?HierarchicalVisitorPattern,1
reserve,1
atan2(2*q1.y*q1.w-2*q1.x*q1.z,1
replaces,1
Program,1
greater,1
safe),1
4D,1
Arithmetic,1
BoundBox,1
notes,1
published,1
heightfield,1
m_afEntry[1*4+3]*rkM.m_afEntry[3*4+2];,1
latency!,1
UTF-8:,1
mat[2][1],1
tan1,1
confused,1
(this.state.Enable,1
\OS/2,\,1
applies,1
v_.q.Normalize();,1
compared,1
Systems,1
Mute/Unmute,1
String::operator!=(char,1
QueryUnsignedAttribute,1
*should*,1
signals,1
fulled,1
\C+s0*U0+s1*U1,\,1
atan2(2*q1.x*q1.w-2*q1.y*q1.z,1
debugging,1
appears,1
Frame3::getParentGlobalPosition(),1
a6*x*z,1
TIXML_SAFE,1
\Effect,\,1
mat[0][2],1
m_afEntry[1*4+2]*rkM.m_afEntry[2*4+1],1
\b2*V2,\,1
themselves,1
\"\version"\,\,1
collisionFlags,1
\maxDistance_,\,1
allows,1
(spherical,1
independence,1
quit,1
AGM_REFLECTION_HPP,1
multiSampleMode));,1
\here,\,1
&getParentGlobalTransform();,1
replication,1
Physics3::World::setContactFilter(b2ContactFilter*,1
unselected,1
\beginning,\,1
a8*y*z,1
occupies,1
_head(0),1
this.state.Enable;,1
\machines,\,1
left-handed,1
Component::Owner::setName(const,1
\{A,X}RGB\,1
Lop,1
\hope),\,1
Accept():,1
2*sqz),1
\<V[0],V[3],V[2]>\,1
tag...or,1
Vector3::ZERO;,1
row-aligned,1
\[min,max)\,1
*psPVRHeader;,1
demanding,1
reflection),1
StreamOut(,1
pos<len;,1
(Line,1
\-fSin,\,1
\loaded,\,1
+----Can,1
((PVR_Texture_Header*)psTextureHeader)->dwPVR,1
\Str(),\,1
this.state.ClearStencil,1
Target,1
entity;,1
2w,1
SetCDATA(),1
worldTransformInverse,1
setLoopBehavior,1
\Scene,\,1
calss,1
new(sizeof(Rep),1
me,1
\Multics,\,1
r21,1
((PVR_Texture_Header*)psTextureHeader)->dwNumSurfs,1
usage:,1
*getName(),1
\ePixelType,\,1
\0.2f,\,1
writes,1
m_afEntry[1*4+3]*rkM.m_afEntry[3*4+1];,1
t*A,1
AGM::LibReflection,1
int[16];,1
a6,1
IntervalRandom,1
MultipleCurve3,1
Imple,1
eAnimation,1
+x,1
WRITE_ENTITY_FIELD_ONLY,1
Either,1
\2.3e-08,\,1
We're,1
NAME,1
[column,1
Nasty,1
dimensions,1
GraphicsUpdate.ShaderProgram;,1
outString->append(,1
visualEffect->isTextureSemanticExists(VisualEffect::Semantic(NORMALMAP)),1
bpp),1
CLASS,1
GXBlendFactor,1
q1.z*q1.z;,1
q*p,1
(\t),1
t[2];,1
Draw,1
(Note,1
NullClass,1
Rather,1
Torque,1
StaticFieldDesc,1
q1(,1
Byte,1
coordsys,1
interior,1
TiXmlUnknowns,1
Component::Owner::setLayer(unsigned,1
(2-manifold,1
c;,1
Okay...if,1
\-Math::ATan2(m_afEntry[4],m_afEntry[5]);\,1
~mode));,1
\info("\All\,1
128,1
<snip>,1
decompressing,1
'p',1
ClearColor,1
\b3*V3,\,1
Perp(B-A),1
specialized,1
doc.Accept(,1
m_afEntry[3*4+1]*rkM.m_afEntry[1*4+3],1
#pragma,1
\_frameRate,\,1
\textureFormat,\,1
declaration:,1
perfectly,1
\Filter,\,1
warn,1
\writeTexture(filename,\,1
override,1
infinite,1
\bBorder,\,1
delim,1
PVRTC4,1
if(uniformLocations[i]==index),1
\TiXmlText,\,1
GXDepthTestMode,1
reflections),1
\texture_,\,1
\negative,\,1
face;,1
1=>11,1
main,1
QDU,1
Array<T>,1
Good,1
!!,1
Queries,1
false);,1
language,1
Repeat,1
\License,\,1
\rfXAngle,\,1
this.state.ClearColor,1
invcos1,1
buffer_,1
\offsetY,\,1
indicated,1
m_afEntry[2*4+2]*rkM.m_afEntry[2*4+1],1
r_.Normalize();,1
m_afEntry[2*4+3]*rkM.m_afEntry[3*4+2];,1
0.8,1
names.),1
clone,1
Before,1
IF,1
\other,\,1
scheme,1
PROPERTY(Vector2,1
\member,\,1
BezierCurve3,1
cfile,1
sqx,1
typedef,1
\"\minimum"\\,1
\name+="\[0]"\;\,1
\6.5e-09,\,1
tried,1
\entry[0..8]={m00,m01,m02,m10,m11,m12,m20,m21,m22}\,1
sizeof(float));,1
Test3Value);,1
terminate();,1
fFloat,1
bonesName_,1
q1.y*q1.y;,1
Unchanged,1
m_afEntry[0*4+2]*rkM.m_afEntry[2*4+0],1
http://www.unicode.org/faq/utf_bom.html,1
entity),1
\[m0|m1],\,1
Complete,1
2*sin(A)*P,1
Game,1
GXShaderAttributeType,1
startFraction,1
Decleration:,1
non-uniform,1
corners,1
2),1
impact,1
assert(size<512);,1
singular,1
PsmGraphicsContext.Update,1
)copyright,1
i+1;,1
\startsIn_outputNormal=%x"\,\,1
dir,1
renderTargetTexture;,1
\"\red"\)\,1
CLASS_NAME,1
CF_CUSTOM_MATERIAL_CALLBACK;,1
\TIXML_WRONG_TYPE,\,1
this.state.BlendFuncAlpha;,1
\10.0,\,1
GraphicsUpdate.PolygonOffset;,1
ToNode,1
\table,\,1
Ericsson,1
\TIXML_SUCCESS,\,1
cubemaps),1
\m_hitPointWorld.setInterpolate3(m_rayFromWorld,\,1
CLip,1
Singular,1
Release,1
m1,1
m_afEntry[0*4+3]*rkM.m_afEntry[3*4+1];,1
Physics3::World::getProfile(),1
\integration,\,1
setTest1Value(1);,1
long)ffd.ftCreationTime.dwLowDateTime,1
Transpose(R*B)*Y,1
generous,1
0x90,1
measured,1
silently,1
unsupported,1
dor,1
projectTransformValid,1
supplied,1
example:,1
Bit,1
shear,1
2*sqx,1
(GraphicsContext.notifyUpdate,1
\T*,\,1
(mod,1
animations,1
soundcard,1
mat[1][0],1
Platform,1
'returns',1
CYLINDER,1
in-between,1
truncates,1
http://opengl.org/resources/features/OGLextensions/,1
color;,1
\loopEnable_,\,1
solid,1
row/column),1
transparency,1
similarly,1
iluFlipImage();,1
ReadText,1
\unrecognized,\,1
subID_,1
concise,1
\Position,\,1
z^2-1,1
extensions,1
\"\BaseFilter.h"\\,1
this.state.CullFace,1
separate,1
parses,1
\setTest3Value(Vector2(1.1f,\,1
(even,1
\fNormalMap,\,1
\00,\,1
\debug("\1\,1
eTextureType,1
n/a,1
tip,1
NaN,1
_length++;,1
tetrahedron:,1
name_;,1
m_afEntry[1*4+0]*rkM.m_afEntry[0*4+3],1
\(MAKEFOURCC('D','X','T','3'))\,1
accesses,1
pos++),1
\vp_x,\,1
\mat[1][3],\,1
directory);,1
index;,1
\TINYXML_DOCUMENT,\,1
////////////////////////////////////////////////////////////////////////////////////////,1
existence,1
poly[degree-i],1
new_capacity,1
<b>text</b></foo>,1
\problem,\,1
h3,1
\Place,\,1
PROPERTY(float,1
h2,1
&put(),1
\textureUniformsBlock.names.back().text(),\,1
(All,1
enough,1
\reasonable,\,1
this.state.ColorMask,1
\errors,\,1
we'll,1
EOL,1
\found,\,1
\header,\,1
temporary,1
m_centerOfMassOffset.inverse(),1
\<V1,V2>\,1
addReference,1
row/column,1
DOES,1
Row(),1
this->option);,1
recommended,1
\row,\,1
t(V1-V2),1
whatever,1
Component::Owner::activate(),1
\saved,\,1
SunOS,1
Note:,1
\(CR+LF,\,1
&#xA9;,1
SkyBox,1
iteration:,1
GXTextureCubeFace,1
Buffer==Stencil,1
demonstrates,1
\{m00,m01,m10,m11}\,1
m_afEntry[0*4+0]*rkM.m_afEntry[0*4+3],1
*)src_;,1
GXTextureCube,1
collisions,1
mipmap,1
Fletcher,1
(subject),1
\AngularVelocity,\,1
7,1
3(+padding),1
2004,1
happening,1
\token,\,1
this:,1
PI/2,1
(off),1
to:,1
opening,1
copy-constructor,1
GraphicsState,1
r10,1
Assignment,1
count);,1
r12,1
defs,1
Unable,1
1451649,1
Shoemake's,1
R.mask;,1
\sin(A/2),\,1
ID_,1
contactNormal_,1
filters.insert(at),1
*physicsbody),1
\etc,\,1
\diag,\,1
boneNames.resize(skelobj_->getNumBones());,1
(which,1
v);,1
[u0|u1|u2],1
size),1
QueryDoubleAttribute,1
composed,1
\endTag,\,1
*CameraComponent::getFilter(int,1
m_afEntry[2*4+3]*rkM.m_afEntry[3*4+3];,1
\this.state,\,1
ErrorCol()),1
\Again,\,1
\middle,\,1
((btMultimaterialTriangleMeshShape,1
\"\SplineAnimationv2.h"\\,1
data:,1
TriangleStrip,1
WARNING:,1
\comilers,\,1
-0.499),1
type_,1
i=(_head+_length)%que.length();,1
Raycaster,1
H-Only,1
conditionally,1
Polyhedron3,1
\entry[0..8]={m00,m10,m20,m01,m11,m21,m02,m12,m22}\,1
\2*pi),\,1
(status,1
\methods,\,1
2*sqy,1
\1D,\,1
doubly,1
\boneIndices_[i],\,1
5.3,1
_cdata,1
operator.),1
\matrices,\,1
happen,1
tradeoff..,1
Buffer<Stencil,1
\Cs,\,1
document's,1
BVH_TRIANGLE_MESH_INSTANCE,1
mat[2][0]);,1
attributeNames[index],1
SUPER_CLASS_NAME,1
Video,1
Physics3::World::setContactListener(b2ContactListener*,1
activeEntities[i]->stop();,1
Y*R*A*Transpose(R)*Y,1
translated,1
stencil,1
recycle,1
knot[i],1
SymmetricRandom,1
TIXML_STRING_INCLUDED,1
\SceneCollision::CastInfo,\,1
declarations,1
Strange,1
y*y,1
\bypassed,\,1
Brief,1
q1*m2,1
m_graphicsWorldTrans,1
\mat[1][2],\,1
mat[0][0],1
this.state.ClearDepth,1
printer.CStr();,1
happily,1
a3*x*x,1
PowerOfTwo,1
utf-8,1
SkeletalAnimModel::Patch,1
units,1
extents,1
b2*V2,1
essentially,1
kProd.m_afEntry[14],1
\(Document,\,1
GL_ETC1_RGB8_OES;,1
covert,1
getVector10,1
V3,1
shrink,1
spaced,1
contributed,1
2-tuple,1
Figure,1
String::operator==(char,1
\numbers,\,1
\dopplerLevel_,\,1
find(name_);,1
0xd0,1
*(PVR_Texture_Header*)psTextureHeader,1
Developer,1
\this->type,\,1
AudioDesc,1
GraphicsUpdate.DepthFunc;,1
Uses,1
\visualEffect_,\,1
D[2],1
(semicolon,1
\(min,\,1
guarantees,1
meaning,1
SphereCollision,1
\However,\,1
type(shape),1
filters[i_];,1
this.SetScissor,1
IEEE,1
(T,1
this.state.DepthFunc,1
GL_UNSIGNED_BYTE;,1
q0*m0,1
We've,1
non-linked,1
broken,1
derivation,1
\underscore,\,1
DepthFunc,1
Tolerant,1
message(,1
\iPhone,\,1
\cb,\,1
normalized,1
\commutative,\,1
#else,1
VIRTUAL_METHOD,1
\*)handle)->calculateLocalInertia(mass,\,1
afKnot,1
b2Joint*,1
m_afEntry[1*4+0]*rkM.m_afEntry[0*4+0],1
newer,1
available,1
\'i',\,1
\debug("\info.st_mode\,1
\messages,\,1
placeholder,1
Transpose(X)*A*X,1
SetDestructionListener(b2DestructionListener*,1
aren't,1
MultipleCurve2,1
\btCylinderShape,\,1
std::ostream,1
cap,1
1))),1
getParentGlobalPosition();,1
<quote>,1
InsertEndChild,1
Sigmatel,1
\troubles,\,1
CR+LF:,1
\L*S*R,\,1
Visiting,1
Enum,1
\camera.getViewport(vp_x,\,1
form:,1
a7*y*y,1
btVector3,1
0.499),1
if(_suspendState,1
as:,1
UNKNOWN.),1
W.x,1
q2*m2,1
CameraComponent::appendFilter(BaseFilter,1
\buf,\,1
indenation,1
\(xorder,yorder)\,1
Beware,1
child_,1
OGL_RGB_555;,1
Scaling,1
\Math::ATan2(-m_afEntry[1],m_afEntry[0]);\,1
rb->type,1
next(),1
pointing,1
\mat[1][0],\,1
Polygon,1
mat1,1
bd0[d+1][n+d+1],1
\quaternions,\,1
rfZAngle),1
iLog,1
this.SetBlendFuncAlpha,1
marks,1
\Mass,\,1
param.projViewTransform,1
visualEffect->isTextureSemanticExists(VisualEffect::Semantic(RENDERCOLORTARGET)),1
m_centerOfMassOffset;,1
name.toLower(),1
D*M,1
if(quality==0),1
visualEffect->isTextureSemanticExists(VisualEffect::Semantic(REFLECTIONMAP)),1
\(scaling),\,1
explicitly,1
Must,1
m_afEntry[1*4+0]*rkM.m_afEntry[0*4+2],1
traversing,1
(matrix,1
onNameChanged(this);,1
update;,1
///////////////////////////////////////////////////////////////////////////////////////////////////////////,1
Wilkinson,1
((GraphicsContext.notifyUpdate,1
clipped,1
\Dot(N,X)\,1
_name;,1
converged,1
\Sources,\,1
formula,1
\u32Width,\,1
Counter,1
purposes,1
\globaltransform_,\,1
Charles,1
vary,1
MERCHANTABILITY,1
this.state.DepthFunc;,1
\fileImage,\,1
linebreaks,1
b3,1
\"\new.h"\\,1
Linearly,1
this.state.StencilFuncBack;,1
Component::Owner::getLayer(),1
compilation,1
\OSes,\,1
\layer,\,1
copied,1
(2),1
if(!isSpace(data[i])),1
*getTag(),1
fact,1
(Carriage,1
*.splineanimv2,1
endTag,1
pi,1
element->FirstChildElement(,1
algebra,1
KeyFrame,1
Defined,1
-Y,1
tmp0,1
almost,1
UnitRandom,1
\otherwise,\,1
QueryDoubleValue,1
aniamtion,1
\options,\,1
String::operator>(const,1
undefine,1
\debug("\removed\,1
skelobj_->getBoneName(i);,1
-0.5f));,1
strings,1
\btSphereShape,\,1
\skeletalModel.getBoneAnimation(currentBoneIdx).getVector10(frame,\,1
\R(s,t)\,1
j++),1
*buf,1
Presume,1
steering_:,1
Matrix4::ToEulerAnglesXYZ,1
GraphicsUpdate.Enable;,1
if(precision==PO_HDR),1
\!convexHullShape3.construct(vertex,\,1
sqy,1
\X,\,1
Steering,1
Although,1
\queried,\,1
picked,1
m_afEntry[1*4+2]*rkM.m_afEntry[2*4+2],1
Buffer>=Stencil,1
SUSPEND_PROCESS),1
interpreting,1
\"\negative\,1
pads,1
m_afEntry[2*4+3]*rkM.m_afEntry[3*4+1];,1
\compatibility,\,1
//////////////////////////////////////////////////////////////////////////////////////////////////////,1
'no',1
DX10,1
yz-plane,1
colons,1
FromRotationMatrix,1
GraphicsUpdate.LineWidth;,1
|X-C|,1
Special,1
ref,1
(ErrorRow(),1
Factor=0,1
Thanks,1
attribte,1
I+2*P^2,1
2000-2006,1
\DOS,\,1
checks;,1
t*(V2-V3),1
generated,1
planes.resize(numPlanes);,1
mat[2][3]);,1
\_frameCountTimer,\,1
U0,1
Dunn:,1
supports,1
option),1
\MAY,\,1
(*this)[0][1],1
////////////////////////////////////////////////,1
SAX,1
Checks,1
\steering,\,1
vertexBuffer(0),1
!pool[index].available;,1
strlen(test);,1
\debug("\sync\,1
scary,1
this.SetBlendFunc,1
You'll,1
\(xorder,yorder,zorder)\,1
String::operator!=(const,1
timeStep,1
Extension,1
visiting),1
patches,1
prev;,1
DECLARATION,1
Dependent,1
mat[2][1]);,1
\"\value2"\\,1
clear();,1
inconsistent,1
\diag(d0,d1,d2)\,1
PROPERTY(Vector3,1
casts,1
ClearStencil,1
offset;,1
this.SetStencilFunc,1
setLayer(unsigned,1
\P0,\,1
*Physics3::World::getJointList(),1
\debug("\added"\);\,1
worldtransform,1
\TiXmlNodes,\,1
\<V1,V3>\,1
\print,\,1
\powerful,\,1
visualEffect->endPass(i);,1
\*)other.data,start);}\,1
if(idx>=(*numRotKeys)-1),1
3-tuple,1
\(MAKEFOURCC('D','X','T','5'))\,1
DTD,1
acute,1
\'0',\,1
[u0|u1],1
t*(V0-V1),1
degree(Q),1
\SkeletalAnimBase*,\,1
implicit,1
6/08,1
\multiSampleMode,\,1
\*p,\,1
Claring,1
isActive(),1
software;,1
*lot*,1
Fixme:,1
|s0|,1
D(t),1
this.state.ClearColor;,1
Bypass,1
HUGE,1
param.viewTransformInverse;,1
translucency,1
SetKnot,1
result.hitPointWorlds.push(),1
PsmTexture.FromFile,1
somewhat,1
15,1
Cubes,1
m_afEntry[2*4+2]*rkM.m_afEntry[2*4+3],1
Scary,1
c/unix,1
QueryIntAttribute,1
_name.toLower(),1
\rfYAngle,\,1
Pixel,1
amounts,1
\Computations"\\,1
Decrease,1
2bits,1
looped,1
m_afEntry[0*4+2]*rkM.m_afEntry[2*4+3],1
dwCaps1,1
QueryIntValue,1
sequences[i].endIndex);,1
binds,1
from:,1
parameterized,1
m_afEntry[3*4+2]*rkM.m_afEntry[2*4+3],1
CONCAVETRIANGLEMESH,1
Everthing,1
m_afEntry[3*4+3]*rkM.m_afEntry[3*4+1];,1
times.push(),1
iInt,1
info.st_mode);,1
penetration,1
Matrix4::TimesPositionVector(const,1
_active;,1
TiXmlAttribute::Previous(),1
cap));,1
i<=value.length();,1
quotient,1
Appearances,1
prev->name.empty(),1
reduce,1
filters.remove(idx);,1
\bVolume,\,1
(nearly),1
Math::Sin(fRAngle);,1
bIsCompressedFormat,1
m_afEntry[3*4+3]*rkM.m_afEntry[3*4+3];,1
and/or,1
determines,1
\"\<"\,\,1
sn*,1
execution,1
\q*<0,x0,y0,z0>*q^{-1}\,1
';',1
sin(A)/A,1
Capsule3,1
STATIC_FIELD,1
\pixels,\,1
scaled,1
ACos,1
appendFilter(Video::BaseFilter,1
&element(int,1
count==size;,1
state;,1
*p=data;,1
\________,1
this.SetPolygonOffset,1
MemoryReport();,1
fall,1
GraphicsUpdate.ColorMask;,1
\planes.length(),\,1
b2Joint,1
stride),1
GraphicsUpdate.ClearDepth;,1
eTextureType==GL_HALF_FLOAT_OES),1
Clone,1
if(_head==que.length()),1
\Yep,\,1
constants,1
\universal,\,1
right--handed,1
Easy,1
OS-9,1
localMatrix;,1
inlined,1
diagonalizes,1
q1.x*q1.x;,1
m_afEntry[1*4+3]*rkM.m_afEntry[3*4+0];,1
\'P','V','R'\,1
1663758,1
\minFilter_,\,1
\"\green"\)\,1
q*(x0*i+y0*j+z0*k)*q^{-1},1
platform,1
great,1
\incorrect,\,1
GXBlendMode,1
\TiXmlDocument,\,1
m_afEntry[0*4+1]*rkM.m_afEntry[1*4+0],1
9],1
next->value.empty(),1
\vertex,\,1
prefer:,1
\mode_,\,1
\0x0D,\,1
...the,1
\'\r',\,1
identifying,1
docHandle(,1
ArrayPool,1
(a,1
getGlobalTransform().Inverse();,1
localization,1
rules,1
Factor=Cs,1
Frame3::inValidateGlobalInverse(),1
PVRTEX_IDENTIFIER;,1
one),1
flipbit,1
freeze,1
closer,1
important,1
worth,1
*tag_);,1
external,1
(including,1
this.SetStencilFuncFront,1
\Vector3(0.0,\,1
instances,1
2bit,1
\"\pre-streaming"\\,1
filename_,1
necessarily,1
applicable,1
u01,1
axes,1
-c),1
\Math::ATan2(m_afEntry[4],m_afEntry[5]);\,1
channel->setMode(FMOD_LOOP_OFF);,1
topology,1
Total,1
convention,1
\AudioClip::Resource::get("\default/default"\);\,1
interesting,1
\(r,\,1
leaves,1
m_afEntry[2*4+0]*rkM.m_afEntry[0*4+2],1
/protected,1
zx-plane,1
keeping,1
copy-construktor,1
QueryBoolAttribute,1
Frame3::getParentGlobalYAxis(),1
pool[size];,1
are:,1
\1,1)\,1
m2,1
\TextureCubeFace.PositiveX,\,1
approximate,1
\version="\1.0"\\,1
Charachter,1
GetJointList(),1
comparing,1
\radian,\,1
Table,1
2.11,1
String::operator>=(const,1
long)ffd.ftLastAccessTime.dwHighDateTime)<<32),1
sizeof(fix));,1
attributeNames.length(),1
idx;,1
Unique,1
NPOT,1
\error,\,1
\tridiagonal),\,1
setBlendWeights(int,1
\hTexture=hge->Texture_Load(buf,\,1
inertia;,1
*GXShaderProgram::getAttributeBinding(int,1
\(x2,y2,z2)\,1
knot[i+1],1
String::find(const,1
temp,1
\unicode,\,1
Analysis,1
Volumes,1
FrameBuffer,1
2005,1
Factor=1,1
\arrays,\,1
renderTargetTexture,1
-V2,1
EnableMode.None;,1
this.state.Enable),1
\TINYXML_TEXT,\,1
Spline,1
\streams,\,1
\Inc.,\,1
FRAME,1
properly,1
this.state.Enable,1
bVerticallyFlipped,1
\Loan,\,1
Potter,1
\Dot(A,X-V)^2\,1
m_afEntry[3*4+0]*rkM.m_afEntry[0*4+0],1
Cylinders,1
i<sequences.length();,1
inherit,1
\Components,\,1
anywhere,1
\castInfo_,\,1
\"\demo/26-a-fresh-youngster.audiostream"\;\,1
m_afEntry[1*4+1]*rkM.m_afEntry[1*4+0],1
nonnegative,1
psPVRHeader,1
G.mask;,1
ffd.cFileName;,1
VIRTUAL,1
GXPixelFormat::RGB_ETC;,1
average,1
0xef,1
4.1.x,1
no_virtual,1
(no,1
Typical,1
\e1,\,1
iterating,1
String::operator<(char,1
(cx*i+cy*j+cz*k),1
items,1
process();,1
examined,1
r12/r11,1
strips,1
*test,1
\add,\,1
A-C,1
\r\n,1
-Math::HALF_PI;,1
alignment,1
<head>,1
\"\value1"\\,1
renders,1
\(ux,uy,uz)\,1
making,1
rotations[idx+1][3].v/4096.0f);,1
\(1,1,0),(1,0,1),(0,2,0),(0,1,1),(0,0,2)}\,1
SetContactFilter(b2ContactFilter*,1
\magFilter_,\,1
</Element>,1
\formats[i].getNormalize(),\,1
\2.2f,\,1
modtables,1
Support,1
scale),1
59,1
\less,\,1
returning,1
sProcessHeader.setMipMapCount(8);,1
\approximation,\,1
uniformNames[index],1
m_afEntry[2*4+0]*rkM.m_afEntry[0*4+0],1
4-tuples,1
'd',1
bd3[d+1][n+d+1],1
\Windows,\,1
String::operator<(const,1
U1,1
Ken,1
letters,1
a7,1
host,1
be:,1
suspension,1
Stage::dumpMemoryLeak();,1
this.SetDepthRange(new,1
8],1
finished,1
this.SetStencilOp,1
straight,1
t[1];,1
indicate,1
underscores,1
PVR,1
reach,1
Entity::Factory,1
(very,1
\"\value"\\,1
\"\SkeletalObject3v2.h"\\,1
+----btScaledBvhTriangleMeshShape,1
\feed,\,1
String::operator==(const,1
units));,1
\"\stored"\\,1
area,1
\"\alpha"\)\,1
2],1
METHOD,1
\stride,\,1
Vector10&,1
OpenVG,1
formats,1
arcane,1
q1*u;,1
\subd,\,1
/alias,1
ints,1
maskBits,1
\<V2,V3>\,1
convient,1
\"\positive\,1
0x0D,1
\internally,\,1
Factor=1-As,1
\{U,V},\,1
visualEffect->isTextureSemanticExists(VisualEffect::Semantic(SPECULARMAP)),1
\minDistance_,\,1
triangles,1
__APPLE__,1
mat[3][3],1
routines,1
TIXML_ENCODING_UNKNOWN,1
i<skelobj_->getNumBones();,1
[to],1
primary,1
+----btBvhTriangleMeshShape,1
'true';,1
\"\Matrix\,1
wall,1
\Vector3(mat[0][3],\,1
\texture->writeToFile("\sprite.pvr"\);\,1
re-init:,1
renderTargetTexture_;,1
u12,1
fooled,1
previously,1
psPVRHeader:,1
(always,1
Wickedly,1
OGL_BGRA_8888:,1
above.),1
m_afEntry[2*4+2]*rkM.m_afEntry[2*4+0],1
Queue(int,1
&transform_);,1
\q_twist,\,1
markup;,1
valid(int,1
void*,1
refTransform,1
ClampToEdge,1
UCS,1
TriangleFan,1
\rectangle,\,1
doc;,1
textureUniformsBlock.textures.back());,1
Visited,1
0xa0,1
case.),1
prev->value.empty(),1
velocityIterations,1
//wb,1
Unix-like,1
m_afEntry[3*4+0]*rkM.m_afEntry[0*4+3],1
below,1
GL_RGBA;,1
\panLevel_,\,1
hope,1
visualEffect->isTextureSemanticExists(VisualEffect::Semantic(LIGHTMAP)),1
reflected:,1
\wrapT_,\,1
issues,1
\muteEnable_,\,1
//////////////////////////////////////////////////////////////////////////////////////////////////////////,1
firstAttribute,1
(((unsigned,1
Deprecated,1
(As,1
\diag(d0,d1)\,1
-Z,1
Being,1
direct,1
SkeletalAnimModelRenderer::renderPatch,1
GraphicsUpdate.FrameBuffer;,1
4x2,1
products,1
Kinematic,1
2800,1
u32NumSurfs;,1
inertia);,1
\<V0,V1,V2>,\,1
space:,1
security,1
Visitor,1
twiddled,1
Collision::ContactInfo,1
still,1
Generic,1
\skip,\,1
sin1,1
unknowns,1
Decleration,1
&vertices),1
filestream,1
setUniformBinding(int,1
nMode,1
disabled,1
comments.],1
found),1
\loading"\);\,1
getTransform(),1
/////////////////////////////////////////////////////////////////////////////////////////////////////////////////////////////////////////////,1
PURPOSE,1
long)ffd.ftCreationTime.dwHighDateTime,1
contian,1
m_afEntry[1*4+0]*rkM.m_afEntry[0*4+1],1
section,1
tmp1,1
utilities,1
(trace(R)-1)/2,1
exact,1
Close,1
A/sin(A),1
N],1
inActiveEntities[i]->stop();,1
shader,1
Of,1
globalTransformInverse(Matrix4::IDENTITY),1
enableMode),1
m_afEntry[3*4+0]*rkM.m_afEntry[0*4+2],1
UnknownPropertyError,1
tell,1
loading,1
(continue,1
Video::RenderTargetTexture,1
Every,1
loops,1
\scaleT,\,1
implementations,1
becomes,1
\"\Visitor\,1
String::operator<=(char,1
Factor=Ad,1
if(pos==len),1
\1.2e-03,\,1
y*j,1
\m_afEntry[I(iRow,\,1
\spread_,\,1
alternate,1
locations,1
&String::operator=(const,1
Character,1
\subID,\,1
_elapsed);,1
\8.1e-04,\,1
Hand,1
<foo><b>This,1
utf8,1
\P1,\,1
GXDrawMode,1
&src);,1
GL_CLAMP_TO_EDGE,1
minor,1
longest,1
\I(iRow,iCol);\,1
infinity,1
SPHERE,1
initialize,1
Ignore,1
\Shape,\,1
Begin,1
handler_,1
FMOD,1
GXDebugRenderer,1
PsmTexture.FromImage,1
_tag;,1
0=>,1
tinyXML,1
Comments,1
trunk,1
AudioSource,1
MA,1
\Dot(N,P0)\,1
tree.),1
\{(0,0,0),(1,0,0),(0,1,0),(0,0,1),(2,0,0),\,1
\owener_,\,1
TiXmlNode::Parse(),1
0xb0,1
transforms,1
ok),1
non-characters,1
initSkeleton(const,1
Mute,1
reads,1
'i',1
!--,1
Storage,1
English/Latin...but,1
renderTargetTexture->endRender();,1
text:,1
Constructs,1
\best,\,1
Test1Value);,1
|s1|,1
\filenames[j].text(),\,1
</quote>,1
*/,1
Output:,1
TiXmlAttribute,1
Still,1
Cone,1
bisector,1
(Except,1
*name_);,1
\directly,\,1
\non-Unix,\,1
\Physics3::Vehicle::WheelInfo,\,1
\etc.),\,1
\words,\,1
attributes:,1
\{U,V,W},\,1
TextureBase*,1
'q',1
Transpose(B)*X,1
lee),1
CameraComponent::insertFilter(int,1
if(psTextureHeader),1
\AIX,\,1
Stage::getDocumentDirectory(),1
Sound,1
ErrorId(),1
13,1
Vector3::UNIT_Z;,1
BGRA8888,1
\assert(!"\ArrayPool\,1
PsmGraphicsContext.Clear,1
fails,1
a9*z*z,1
Implements,1
extraction,1
affect,1
Matrix4::TimesDirectionVector(const,1
\unchanged,\,1
inferior,1
dense,1
\overflow!"\);\,1
attributeNames[i].c_str();,1
texture;,1
generators,1
older,1
particleEmitters[i]->update();,1
hide,1
Leave,1
i<children.length();,1
ConvexCaster,1
Tridiagonalize,1
Computes,1
isValidGlobalInverse();,1
(object,1
W.y,1
\whitespace,\,1
\Q1,\,1
getNumFilters(),1
filters.search(filter_);,1
\have,\,1
allocate(),1
\elements,\,1
q0*m1,1
magic,1
this.SetStencilFuncBack,1
getLayer(),1
0x10,1
bHasAlpha,1
\scaleX,\,1
Physics3::World::getContactManager(),1
lost,1
\formats[i].getElementType(),\,1
\((float)r,\,1
suppert,1
doc.Load(,1
i);,1
0.003921569f);,1
kProd.m_afEntry[15],1
\q*i*q^{-1},\,1
Shared,1
assert(count>0);,1
OGL_RGB_888;,1
GraphicsUpdate.ShaderProgram),1
Multiplication,1
\AngularPosition,\,1
GraphicsUpdate.Texture0,1
!heightFieldShape3.construct(),1
4BPP,1
v.ToMatrix4(localMatrix);,1
0x50,1
Process,1
Particles,1
m_afEntry[2*4+3]*rkM.m_afEntry[3*4+0];,1
send,1
\volumeDecayMode_,\,1
cofactors,1
free,1
m_afEntry[0*4+0]*rkM.m_afEntry[0*4+1],1
Oops,1
\debug("\xidx=%d,\,1
_length=0;_head=0;,1
Achilleas,1
pre,1
tag_;,1
0xc0,1
direction));,1
\mat[1][1],\,1
platforms...),1
parentIndices[i],1
operating,1
\fields,\,1
numVertices),1
child=child->NextSiblingElement(),1
Colourspace,1
Sphere3,1
implmented,1
\family,\,1
Failure,1
positions,1
Swap,1
\"\valueA"\>\,1
setLinearVelocity(velocity);,1
SkySphere::Owner,1
\m_afEntry[I(iRow,iMid)]*rkM.m_afEntry[I(iMid,iCol)];\,1
Empty,1
\handler,\,1
\debug("\2\,1
Common,1
handle;,1
mat[1][1],1
PsmGraphicsContext.GetScreenInfo,1
Interpolated,1
entering,1
\u32NumSurfaces,\,1
groundObject;,1
CONVEXHULL,1
expects,1
library;,1
indention,1
(shear),1
TINYXML_DECLARATION,1
\model,\,1
this.SetStencilOpBack,1
'to',1
accessing,1
TiXmlAttribute),1
this.frameBuffer;,1
m_afEntry[0*4+2]*rkM.m_afEntry[2*4+2],1
\_value,\,1
bIsCompressedFormatSupported,1
files,1
division,1
\entity_,\,1
poor,1
int[],1
-->,1
getParentGlobalYAxis();,1
Turns,1
//////////////////////////////////////////////////////////////////////////////////////////////,1
PVRTexTool,1
m0,1
transmission,1
parent->IterateChildren(,1
quadBuffers[i].filename);,1
m_graphicsWorldTrans;,1
\"\commits"\\,1
(*this)[2][1],1
GXEnableMode,1
static_cast<Rep*>(operator,1
exit();,1
stupid,1
16bits,1
\(x1,y1,z1)\,1
Conversion,1
this.screen);,1
integers,1
(c),1
name-value,1
fooElement->GetText();,1
\<V[0],V[1],V[3]>\,1
text</b></foo>,1
CameraComponent::getNumFilters(),1
planes[i].Normal[1],1
pos);,1
C4267:,1
FOR,1
0],1
mentioned,1
char[]),1
5.7,1
flip(img);,1
S3TC,1
interpolation.,1
move,1
*getRenderTargetTexture();,1
2*sqz);,1
invsin1,1
maximum(),1
camera's,1
visit,1
(e.g,1
\Velocity,\,1
Paused,1
TiXmlBase,1
\Dot(X-V,X-V)\,1
cost,1
Golub,1
graph,1
synonyms,1
Wikipedia:,1
\info_.outputNormal,\,1
channel->setMode(FMOD_LOOP_NORMAL);,1
objects,1
\rotations[idx+1][2].v/4096.0f,\,1
rep,1
\parsing,\,1
(need,1
CONE,1
isSensor,1
(*this)[1][0],1
BOM,1
relevant,1
CDATA(),1
ArrayPool():count(0),1
\<V[0],V[2],V[1]>\,1
m_afEntry[1*4+3]*rkM.m_afEntry[3*4+3];,1
Calculate,1
WITHOUT,1
children[i]->inValidateGlobalInverse();,1
m_afEntry[1*4+1]*rkM.m_afEntry[1*4+1],1
\0.3f,\,1
Punch-through,1
newline-carriage,1
R^t,1
visualEffect->isTextureSemanticExists(VisualEffect::Semantic(DIFFUSEMAP)),1
(error,1
key,1
Component::Owner::isActive(),1
q1*m1,1
\'>',\,1
\kYMat(fCos,\,1
Math::Cos(fRAngle);,1
r02,1
Log.SetToConsole,1
if(bIsETCSupported),1
GHz),1
\BeOS,\,1
Interface,1
CAPSULE,1
3.2.5,1
0xdf,1
filters.push(),1
mat[2][3],1
PropertyDesc,1
*tag_),1
simplistic,1
m_afEntry[0*4+1]*rkM.m_afEntry[1*4+2],1
sin0,1
GXTexture2D,1
0x70,1
matrix-vector,1
Op,1
degree(R),1
this.handles);,1
come,1
accept,1
hideously,1
establish,1
#warning(,1
\convertPixelFormat,\,1
Changing,1
max_,1
info.penetrationDepth,1
Finally,1
Gaussian,1
02111-1307,1
(1-cos(A))*P^2,1
/public,1
handleCopy,1
que.capacity()==length();,1
&get(),1
~Queue(),1
Parsing,1
\animIdx_,\,1
m_afEntry[1*4+1]*rkM.m_afEntry[1*4+3],1
parentIndices.resize(skelobj_->getNumBones());,1
\one,\,1
2003,1
extensions;,1
1-based,1
deactivate();,1
\%x,\,1
\setTest4Value(Vector3(1.1f,\,1
visualEffect->isTextureSemanticExists(VisualEffect::Semantic(DISPLACEMENTMAP)),1
\2D,\,1
Dsrc>Ddst,1
Length(V1)*Length(B)*sin(A/2),1
Rob,1
delete[],1
anyway,1
preform,1
3],1
cleans,1
earlier,1
observer,1
++i;,1
thread,1
m_afEntry[3*4+1]*rkM.m_afEntry[1*4+2],1
Quaternion::ToRotationMatrix,1
GXTexture,1
updateRigidBody(dt);,1
invpoly[i],1
cos(T)^2,1
0xf5,1
Studion,1
=>,1
Else,1
\TiXmlDocument::Load(),\,1
Buffer::allocate(),1
a3*z,1
\//readX(&data,\,1
cubemap/skybox,1
Factor=1-Cs,1
tag's,1
token.trim();,1
breaks,1
\cos(T),\,1
vp_height;,1
-1);,1
R*(cos(A)*U,1
+-----Are,1
constructed,1
fSin;,1
m_afEntry[3*4+3]*rkM.m_afEntry[3*4+0];,1
&data),1
invalide,1
closeness,1
presumed,1
GraphicsUpdate.CullFace;,1
mat[1][2],1
manipulation,1
symmetric),1
\Vector3(mat[0][0],\,1
asin(2*test);,1
m_afEntry[2*4+1]*rkM.m_afEntry[1*4+3],1
skeletalModelBoneMatrices[currentBoneIdx],1
GXClearMask,1
'string',1
Correct,1
\0x0A,\,1
pool[i].available=false;,1
minification,1
flip(mipmap);,1
torsion,1
\[0,PI]\,1
Setting,1
\animation_,\,1
\(MAKEFOURCC('D','X','T','1'))\,1
Dsrc!=Ddst,1
-y,1
access:,1
Dsrc==Ddst,1
\clear,\,1
m_afEntry[3*4+3]*rkM.m_afEntry[3*4+2];,1
\(sentinel-element),\,1
\+----btBoxShape,\,1
\Dot(N,X-C)\,1
\cubeFace,\,1
NUM,1
\rkV[0]*rkM[0][2]+rkV[1]*rkM[1][2]+rkV[2]*rkM[2][2]+rkV[3]*rkM[3][2],\,1
easier,1
ReadText(,1
_head;,1
/////////////////////////////////////////////////////////////////////////////////////////////////////////////////,1
export,1
Test4Value);,1
FITNESS,1
\<V0,V1>\,1
background,1
kProd.m_afEntry[12],1
GXVertexBuffer,1
\specified,\,1
validGlobalInverse(false),1
meter,1
subclass,1
\delete,\,1
Vector3&,1
\acos(Dot(V1,V2)),\,1
Also,1
Devices,1
\TINYXML_COMMENT,\,1
(char,1
(*rotKeyInterval);,1
\truncating,\,1
Added,1
meshes,1
buf[position+(size-1-i)];,1
String(Stage::getAssetRootDirectory()),1
visualEffect->getUniform(handle).setValue(Vector3(,1
run,1
\"\not_of"\\,1
*name_),1
Let,1
allocation,1
\Collider,\,1
behind,1
time),1
Dsrc>=Ddst,1
rkV;,1
\symbol,\,1
\Clone,\,1
quad,1
len);,1
\callbacks,\,1
q0*(1-u),1
Triangle,1
m_afEntry[1*4+1]*rkM.m_afEntry[1*4+2],1
\copy,\,1
-X,1
GXColorMask,1
\global,\,1
8-bit,1
inner,1
\Also,\,1
(startFraction,1
computational,1
String::operator>(char,1
mat[0][3],1
correct:,1
\GraphicsContext.notifyUpdate,\,1
Q2,1
seq,1
\Cross(V1,B)\,1
mask;,1
2048,1
positionIterations,1
ising,1
R*D*R^T,1
Response,1
\readX(&f,\,1
misleading,1
if(rb->type==Physics3::RigidBody::STATIC),1
causes,1
value[i]=='|'),1
updated,1
AIX,1
\characters,\,1
renderPatch,1
*getFilter(int,1
2-by-2,1
warning,1
x*x,1
\%f,\,1
Primitive,1
setName(const,1
\reverse,\,1
\general,\,1
skeletalModel.getOwner().getGlobalTransform(),1
rkV);,1
S[1],1
Expands,1
gracefully,1
fRAngle),1
Streaming,1
SkeletalAnimModelRenderer::renderMesh,1
Points,1
\reporting,\,1
printSystem();,1
long)ffd.ftLastAccessTime.dwLowDateTime);,1
\allocation,\,1
dwCaps2,1
Appends,1
TinyXML's,1
http://www.saxproject.org/,1
assert(_length>0);,1
iff,1
cos1,1
\kXMat(1.0,\,1
GL,1
\zidx=%d"\,\,1
///////////////////////////////////////////////////////////////,1
!child,1
currentBoneIdx,1
glEnableVertexAttribArray(1);,1
kProd.m_afEntry[13],1
DEC,1
\OS,\,1
non-self-intersecting),1
\PowerOfTwo,\,1
increasing,1
push,1
mask);,1
Vector3::UNIT_X;,1
+---------->,1
RZ,1
pool[i].index=i;,1
transitioning,1
[],1
modes,1
Generally,1
belongs,1
_layer;,1
****************************************************************************,1
\1.2e-05,\,1
\Amiga,\,1
compiling,1
repeat);,1
null-terminated,1
shape_:,1
CameraComponent::setRenderTargetTexture(RenderTargetTexture,1
stereo..,1
0x00,1
size>,1
\cameraBase,\,1
CR+LF,1
\marker,\,1
PVRTC2,1
DoLineBreak(),1
value..,1
debugRenderer);,1
extracted,1
costs,1
\(unsafe),\,1
descedents,1
\properties,\,1
sProcessHeader.setNormalMap(5.0f);,1
\(v,-u)\,1
everyone,1
Scissor,1
\renderer->LoadTexture(buf,\,1
\texture->writeToFile("\font.pvr"\);\,1
failed:,1
\unsupported.\n"\);\,1
long)ffd.ftLastWriteTime.dwHighDateTime,1
EntityFactory,1
disables,1
m_afEntry[0*4+3]*rkM.m_afEntry[3*4+3];,1
+----btHeightfieldTerrainShape,1
RenderTargetTexture,1
running,1
long)ffd.ftLastWriteTime.dwLowDateTime,1
\scope,\,1
TiXmlHandle::Text(),1
-2,1
(this.screen,1
Foundation;,1
Deletes,1
tail,1
directions,1
interpolation),1
GL_LINEAR_MIPMAP_NEAREST);,1
test;,1
44,1
Queue,1
seperate,1
iMid++),1
translating,1
certainly,1
(memory,1
Q(t)*D(t)+R(t),1
Invert,1
*renderTargetTexture);,1
sin(A)*V),1
incredibly,1
t*(V0-V2),1
\rotations[idx+1][1].v/4096.0f,\,1
(replace,1
boneNames[i],1
\3-vectors,\,1
\Length(Cross(V1,B))\,1
sibilings</b>,1
FieldDesc,1
indexBuffer(0),1
bd1[d+1][n+d+1],1
(2.08,1
\return,\,1
caps;,1
\virtual,\,1
Wrapping,1
O_NONBLOCK,1
Matrix4::IDENTITY;,1
querying,1
(count,1
PARTICULAR,1
lots,1
cube,1
8888,1
successfully,1
printer.CStr(),1
setSpeed,1
assert(numPlanes!=0);,1
1987,1
\locked,\,1
rebounce,1
Once,1
(float)a),1
Compilers,1
pieces,1
setTime,1
equally,1
content,1
t*(V1-V3),1
vals,1
ColorBuffer,1
\localposition_,\,1
bd2[d+1][n+d+1],1
sin(A)*P,1
\Vector3(mat[0][2],\,1
*****************************************************************************,1
Hierachical,1
etc),1
Test2Value);,1
m_afEntry[1*4+2]*rkM.m_afEntry[2*4+3],1
activeEntities[i]->destruct();,1
agm::reflection::NullClass,1
//////////////////////////////////////////////////////,1
v;,1
RY,1
ANY,1
info.collided,1
tolerant,1
programmatically,1
\Dot(N,P)\,1
taking,1
CONST_CAST_VECTOR3(convexResult.m_hitPointLocal);,1
\ilCopyPixels(0,\,1
5],1
Q(t),1
hTexture,1
this.state.Scissor;,1
Manipulators,1
GraphicsUpdate.ClearStencil;,1
approximation,1
255,1
if(!hTexture),1
agree,1
isalnum(,1
ups,1
fprintf(,1
blended,1
Physics3::World::setDestructionListener(b2DestructionListener*,1
recommend,1
taken,1
attri_bit_,1
vertically,1
\q*j*q^{-1},\,1
\(x0,y0,z0)\,1
coloured,1
individual,1
at:,1
Video::Manager,1
<foo,1
\"\this"\\,1
m_afEntry[2*4+0]*rkM.m_afEntry[0*4+3],1
1)),1
\filename.extract(pos+1,\,1
j=0;,1
word,1
Apple,1
existed,1
expected,1
copyright,1
Allow,1
STATIC_METHOD,1
kXMat*(kYMat*kZMat);,1
Exiting,1
calculating,1
grab,1
(1),1
ToUnknown(),1
like:,1
exception,1
program;,1
\Vector3(mat[0][1],\,1
uniformNames[i].c_str();,1
3.3f));,1
depth;,1
\Oddly,\,1
\"\myfile.xml"\\,1
1475201,1
v0,1
RX,1
*skelobj_);,1
setAttributeBinding(int,1
a9,1
\anim_,\,1
blocked,1
HEIGHT_FIELD,1
CubeMap,1
there's,1
OGL,1
subset,1
\"\else"\\,1
\(z2,x2,y2),\,1
Decimal,1
exactly,1
GXStencilOpState,1
\Therefore,\,1
flavor,1
None,1
\m_rayToWorld,\,1
\new_capacity,\,1
\(rotation),\,1
&sOriginalTexture);,1
startsIn_outputNormal);,1
next;,1
a5*x*y,1
GXUniform,1
junk,1
\'d',\,1
legal,1
PsmGraphicsContext.ReadPixels,1
\course,\,1
\bypassEffectsEnable_,\,1
DEBUG_PARSER,1
UNiform,1
-x,1
i<quadBuffers.length();,1
exceptions,1
Silent,1
Collsion::Handler,1
r01,1
GXMultiSampleMode,1
overly,1
Treat,1
renderTargetTexture(0),1
DiffuseMapCube::Owner,1
reliable,1
asked,1
if(entity),1
find((const,1
throughs,1
(An,1
setRenderTargetTexture(RenderTargetTexture,1
Subtle,1
if(compress==CO_NO_COMPRESS),1
pPixelData,1
q1.z*q1.w;,1
\"\);\,1
_tag,1
Van,1
\<V0,V1,V2,V3>,\,1
\"\RenderTargetTexture.h"\\,1
ErrorCol(),1
raycaster,1
BezierCurve2,1
\unsigned,\,1
LF),1
follows,1
if(idx>=0),1
\"\blue"\)\,1
TCBSpline3,1
visualEffect->isTextureSemanticExists(VisualEffect::Semantic(OPACITYMAP)),1
\Fs,\,1
float:,1
\{m00,m10,m01,m11}\,1
TIXML_OSTREAM,1
+y,1
\u32Height,\,1
3),1
/////////////////////////////////////////////////////////////////////////////////////////////////////////,1
m_afEntry[0*4+1]*rkM.m_afEntry[1*4+3],1
non-IBM,1
i-last);,1
|\,1
playing;,1
knot[n+d+2],1
stack,1
\n\r,1
(english),1
|______\|,1
----------------------------------------------------,1
(A,1
engine,1
squared,1
\MP/M,\,1
Muted,1
this.state.LineWidth,1
*getAttributeBinding(int,1
GXShaderProgram::setAttributeBinding(int,1
cos(A),1
rotates,1
FALSE,1
&operator=(const,1
\wrapS_,\,1
t(V0-V1),1
\algorithm,\,1
Dsrc<=Ddst,1
\d0,\,1
\"\--"\\,1
Collision::setTransform(const,1
mip,1
<body>,1
mind,1
resume();,1
f,1
x0*(q*i*q^{-1})+y0*(q*j*q^{-1})+z0*(q*k*q^{-1}),1
QLAlgorithm,1
m_afEntry[3*4+2]*rkM.m_afEntry[2*4+1],1
Names,1
isLocked(),1
QueryStringAttribute,1
Matrix4::FromEulerAnglesXYZ(float,1
occurences,1
type_:,1
eliminating,1
0x20,1
planes[i].Constant;,1
*Component::Owner::getName(),1
Reverse,1
\(float)b,\,1
GraphicsUpdate.ClearColor;,1
expensive,1
Cylinder3,1
Buffer::release(),1
\RGB{A,X}\,1
Callback,1
\version,\,1
\easy,\,1
\letters,\,1
\m23,m30,m31,m32,m33}\,1
\smaller,\,1
print,1
bounce,1
fro,1
\TINYXML_UNKNOWN,\,1
platforms,1
M*D,1
m_afEntry[3*4+0]*rkM.m_afEntry[0*4+1],1
int:,1
Frame3::validateGlobalInverse(),1
count--;,1
unrecognized,1
unloop,1
avoids,1
m_afEntry[0*4+1]*rkM.m_afEntry[1*4+1],1
p*q,1
GXStencilOp,1
TiXmlAttribute::Next(),1
\localtransform_,\,1
pre-parsing,1
*this;,1
RISC,1
idea,1
this.state.Scissor,1
\ErrorId,\,1
\done,\,1
(ignore,1
\room,\,1
referenced,1
FIELD,1
ever,1
String::toInteger(),1
intersected,1
if(attributeLocations[i]==index),1
\bFalseMips,\,1
\sequences[i].name,\,1
nobody,1
textual,1
2.2f));,1
a4*x*x,1
y*V.x,1
pointed,1
Frame3::isValidGlobalInverse(),1
approximations,1
because:,1
Accept,1
Make,1
And,1
Computation,1
(mode,1
\"\Quaternion\,1
pos;,1
sProcessHeader.setFalseMips(true);,1
'str',1
\&realc,\,1
\r02/r00,\,1
identification,1
Both,1
assert(index>=0&&index<size);,1
Forward,1
bb,1
Physics::Body::defaultImpulseResponse,1
kProd.m_afEntry[11],1
copying,1
issue,1
bMipmap);,1
\setTest5Value(ColorRGBA(0.1f,\,1
///if(quality==2),1
doc.SetTabSize(,1
Early,1
GetContactManager(),1
approximately,1
reserved,1
\CP/M,\,1
Detailed,1
Does,1
times[j],1
insertFilter(int,1
/**<,1
\left-handed,\,1
rfTime,1
\formats[i].getNumElements(),\,1
two-character,1
\in,\,1
this.state.Viewport,1
projection,1
permutation,1
\Xenix,\,1
WARRANTY;,1
set(TYPE),1
OGL_RGB_565;,1
for(pos=0;,1
getParentGlobalXAxis();,1
H&V,1
unmute,1
*is*,1
C-(H/2)*D,1
Fd,1
sub-tag,1
signed,1
terminated),1
\this->width,\,1
data;,1
verbosity,1
\constructed,\,1
\-0.5f,\,1
6],1
B.mask;,1
assert(index<size);,1
PsmGraphicsContext.Create,1
4x,1
matter,1
(shifted,1
\rayResult,\,1
(h1-h4);,1
(Leave,1
\away,\,1
account,1
bordered,1
(For,1
Was,1
i;,1
Stage::getExternalDirectory(),1
accurate,1
goal,1
Collision::onCollision(const,1
TCBSpline2,1
others,1
though,1
Bunch,1
Hit,1
Gene,1
holds,1
expression,1
erros,1
((GraphicsUpdate)2147483648u));,1
\text"\\,1
filters.length();,1
(See,1
mat[2][2]);,1
End-of-Line,1
\primitive,\,1
'size_t',1
\pointing,\,1
\Cross(V1,B)/Length(Cross(V1,B)),\,1
(float)1.0),1
this.state.ColorMask;,1
4*iRow;,1
i<particleEmitters.length();,1
\back,\,1
\<V0,V3>\,1
Reduce,1
displaced,1
GXTextureFilterState,1
GraphicsUpdate.None;,1
\sequences[i].startIndex,\,1
horizontal,1
2147483647;,1
enableMode;,1
\Dot(V1,B)\,1
realc,1
problematic,1
e1,1
setTest2Value(2.0);,1
\<V[1],V[2],V[3]>\,1
\english,\,1
\string,\,1
a));,1
\"\assign"\\,1
BOX,1
[1-size],1
\Cross(V1,V2)/Length(Cross(V1,V2))\,1
i<attributeLocations.length();,1
-(float)1.0),1
Comments:,1
Identify,1
m_afEntry[2*4+1]*rkM.m_afEntry[1*4+2],1
\column,\,1
